sheet,cell,row,col,text
实验设计,A1,1,A,HG002 华大新数据评测 - 最新实验设计
实验设计,A2,2,A,截至 2026-07-13：根据结果表、lan02/Rhea 当前输出、项目脚本与日志更新；正式真实错误谱、深度梯度和 assembly-based SV 的证据层级已重新区分。
实验设计,A27,27,A,评测边界与统一规则
实验设计,A28,28,A,核心矩阵
实验设计,B28,28,B,BGI_latest / ONT_latest / HiFi_latest × 10x / 30x / 50x × minimap2 / winnowmap；特定专项另列扩展深度。
实验设计,A29,29,A,小变异 truth
实验设计,B29,29,B,GRCh38 使用 GIAB v5.0q；truth/query 同时排除 chr3:16902750-16903050；复杂区域采用 GIAB v3.1 stratification。
实验设计,A30,30,A,SV truth
实验设计,B30,30,B,GRCh38 使用 HG002 T2TQ100 v1.1 SV truth + benchmark BED；困难医学基因使用 CMRG；Raw 与 Truvari refine 分开报告。
实验设计,A31,31,A,T2T-CHM13
实验设计,B31,31,B,主要用于 mapping/QC、参考偏差和复杂区域补充；GRCh38 坐标的 CMRG/T2TQ100 truth 不直接套用到 CHM13 call。
实验设计,A32,32,A,正式真实错误谱
实验设计,B32,32,B,采用 HG002 hg002v1.1 maternal/paternal 分开比对 + read-level best-haplotype；GRCh38/GIAB-mask 仅作为 apparent-error pilot。
实验设计,B33,33,B,BGI 50x / GRCh38 / minimap2 的最优参数只作为 BGI 专项建议，不替代 ONT、HiFi 或其他 truth set 的基线参数。
实验设计,B34,34,B,当前为 candidate/VAF pilot；没有充分 truth set 时不输出严格 Precision 结论。
工具及参数,A1,1,A,HG002 华大新数据评测 - 实验流程与参数核对表（更新版）
工具及参数,A2,2,A,仅整理流程、工具、参数、路径和状态；不包含结果优劣解释。核对时间：lan02 2026-07-13 14:54 CST；Rhea 2026-07-13 07:01 UTC；本地结果/脚本截至 2026-07-13。
NanoPlot_Result,F11,11,F,大概测序深度
NanoPlot_Result,I11,11,I,一半数据量来自长度不低于这个值的 reads
NanoPlot_Result,J12,12,J,碱基质量值
NanoPlot_Result,B13,13,B,BGI 的下采样数据量非常接近目标深度，10x、30x、50x 都很稳定。尤其 50x 的实际 coverage 为 49.978x，基本等同于目标深度
NanoPlot_Result,L13,13,L,+Q20(q30)
NanoPlot_Result,B14,14,B,BGI read N50 明显高于 HiFi，具备较好的长程信息
NanoPlot_Result,B15,15,B,从原始reads Q 值看，BGI_latest 的 Median Q 为 19.2，Mean Q 为 16.8，说明 BGI 数据整体属于中等质量长读长数据，质量分布相对稳定，但碱基级准确性明显低于 HiFi。
比对结果,G20,20,G,reads 主要比对成功比例
比对结果,C21,21,C,BGI 在 GRCh38 常规比对中表现稳定
比对结果,E21,21,E,T2T-CHM13 上，BGI 的覆盖率明显高于 GRCh38，也高于 HiFi
表观错误谱预评估,A1,1,A,HG002 表观错误谱预评估：GRCh38 + GIAB truth mask pilot（30x）
表观错误谱预评估,A2,2,A,"Pilot only: GRCh38 reference; GIAB v5.0q high-confidence regions intersected with chr1/2/3 1 Mb windows; GIAB truth variant sites masked; MAPQ>=20, BQ>=20. This is not the final donor-specific assembly true error spectrum."
表观错误谱预评估,A3,3,A,Source: /io/yingqiw/new_evaluation/evaluate/true_error_spectrum_pilot/tables/true_error_spectrum_pilot_30x_summary.complete.tsv
SV-T2T结果,A1,1,A,BGI SV 可用，sawfish 表现较好，30x 综合表现较优
SV-GIAB5.0q,C58,58,C,BGI 在 SV 检测上已经具备较强可用性
cuteSV-HiFi,A10,10,A,趋势非常一致：
cuteSV-HiFi,A11,11,A,Precision 提高约 0.9–1.1 个百分点；
cuteSV-HiFi,A12,12,A,Recall 下降约 2.8–6.1 个百分点；
cuteSV-HiFi,A13,13,A,深度越高，F1 损失越明显。
cuteSV-HiFi,A15,15,A,refine 后也没有逆转：
cuteSV-HiFi,A26,26,A,这说明1000/0.9/1000/0.5更强地聚类、合并 HiFi 信号，候选数量减少约 18–21%。它减少了 FP，但同时丢失更多 TP，所以 GIAB recall 和 F1 下降。
cuteSV-HiFi,A32,32,A,因此不能简单说 HiFi 参数全面更差：
cuteSV-HiFi,A33,33,A,全基因组 GIAB：旧参数明显更好；
cuteSV-HiFi,A34,34,A,困难医学基因 CMRG：HiFi 参数略好；
cuteSV-HiFi,A35,35,A,官方推荐参数是通用建议，不保证在当前比对器、覆盖度和 truth set 下 F1 最优。
BGI最适深度探究,A1,1,A,HG002 BGI结构变异深度梯度评测汇总
BGI最适深度探究,A2,2,A,GRCh38 · minimap2 · cuteSV / Sniffles2 / sawfish / SVDSS · Truvari基础评测与refine
BGI最适深度探究,A67,67,A,判读：35–40x后平均refine F1进入平台；综合成本与准确率推荐40x，准确率优先可选50x。
BGI最适深度探究,A68,68,A,斜率定义：ΔF1/5x = 相邻可用深度F1变化量按每增加5x归一化；90x相对70x按20x间隔折算。
BGI最适深度探究,A69,69,A,数据来源：10/30/50x来自latest_data_evaluation.xlsx的SV-T2T结果；其余来自lan02 Truvari summary.json与refine.variant_summary.json。
cutesv调参,A1,1,A,run_id
cutesv调参,B1,1,B,profile
cutesv调参,C1,1,C,min_support
cutesv调参,D1,1,D,max_cluster_bias_INS
cutesv调参,E1,1,E,diff_ratio_merging_INS
cutesv调参,F1,1,F,max_cluster_bias_DEL
cutesv调参,G1,1,G,diff_ratio_merging_DEL
cutesv调参,H1,1,H,raw_precision
cutesv调参,I1,1,I,raw_recall
cutesv调参,J1,1,J,raw_f1
cutesv调参,K1,1,K,raw_TP-base
cutesv调参,L1,1,L,raw_TP-comp
cutesv调参,M1,1,M,raw_FP
cutesv调参,N1,1,N,raw_FN
cutesv调参,A2,2,A,P01_ONT_s5
cutesv调参,B2,2,B,ONT_like
cutesv调参,C2,2,C,5
cutesv调参,D2,2,D,100
cutesv调参,E2,2,E,0.3
cutesv调参,F2,2,F,100
cutesv调参,G2,2,G,0.3
cutesv调参,H2,2,H,0.926156077
cutesv调参,I2,2,I,0.728177778
cutesv调参,J2,2,J,0.815320646
cutesv调参,K2,2,K,20480
cutesv调参,L2,2,L,17885
cutesv调参,M2,2,M,1426
cutesv调参,N2,2,N,7645
cutesv调参,A3,3,A,P02_ONT_s10
cutesv调参,B3,3,B,ONT_like
cutesv调参,C3,3,C,10
cutesv调参,D3,3,D,100
cutesv调参,E3,3,E,0.3
cutesv调参,F3,3,F,100
cutesv调参,G3,3,G,0.3
cutesv调参,H3,3,H,0.926578561
cutesv调参,I3,3,I,0.719085544
cutesv调参,J3,3,J,0.809751208
cutesv调参,K3,3,K,20225
cutesv调参,L3,3,L,17668
cutesv调参,M3,3,M,1400
cutesv调参,N3,3,N,7901
cutesv调参,A4,4,A,P03_ONT_s15
cutesv调参,B4,4,B,ONT_like
cutesv调参,C4,4,C,15
cutesv调参,D4,4,D,100
cutesv调参,E4,4,E,0.3
cutesv调参,F4,4,F,100
cutesv调参,G4,4,G,0.3
cutesv调参,H4,4,H,0.928278024
cutesv调参,I4,4,I,0.700092454
cutesv调参,J4,4,J,0.798197276
cutesv调参,K4,4,K,19688
cutesv调参,L4,4,L,17175
cutesv调参,M4,4,M,1327
cutesv调参,N4,4,N,8434
cutesv调参,A5,5,A,P04_HiFi_s5
cutesv调参,B5,5,B,HiFi_like
cutesv调参,C5,5,C,5
cutesv调参,D5,5,D,1000
cutesv调参,E5,5,E,0.9
cutesv调参,F5,5,F,1000
cutesv调参,G5,5,G,0.5
cutesv调参,H5,5,H,0.74882879
cutesv调参,I5,5,I,0.593732214
cutesv调参,J5,5,J,0.662321897
cutesv调参,K5,5,K,16691
cutesv调参,L5,5,L,14066
cutesv调参,M5,5,M,4718
cutesv调参,N5,5,N,11421
cutesv调参,A6,6,A,P05_HiFi_s10
cutesv调参,B6,6,B,HiFi_like
cutesv调参,C6,6,C,10
cutesv调参,D6,6,D,1000
cutesv调参,E6,6,E,0.9
cutesv调参,F6,6,F,1000
cutesv调参,G6,6,G,0.5
cutesv调参,H6,6,H,0.748924037
cutesv调参,I6,6,I,0.587195447
cutesv调参,J6,6,J,0.658271644
cutesv调参,K6,6,K,16509
cutesv调参,L6,6,L,13921
cutesv调参,M6,6,M,4667
cutesv调参,N6,6,N,11606
cutesv调参,A7,7,A,P06_HiFi_s15
cutesv调参,B7,7,B,HiFi_like
cutesv调参,C7,7,C,15
cutesv调参,D7,7,D,1000
cutesv调参,E7,7,E,0.9
cutesv调参,F7,7,F,1000
cutesv调参,G7,7,G,0.5
cutesv调参,H7,7,H,0.755828153
cutesv调参,I7,7,I,0.574934206
cutesv调参,J7,7,J,0.65308649
cutesv调参,K7,7,K,16166
cutesv调参,L7,7,L,13617
cutesv调参,M7,7,M,4399
cutesv调参,N7,7,N,11952
cutesv调参,A8,8,A,P07_CLR_s5
cutesv调参,B8,8,B,CLR_like
cutesv调参,C8,8,C,5
cutesv调参,D8,8,D,100
cutesv调参,E8,8,E,0.3
cutesv调参,F8,8,F,200
cutesv调参,G8,8,G,0.5
cutesv调参,H8,8,H,0.924916662
cutesv调参,I8,8,I,0.716530953
cutesv调参,J8,8,J,0.807496275
cutesv调参,K8,8,K,20151
cutesv调参,L8,8,L,17480
cutesv调参,M8,8,M,1419
cutesv调参,N8,8,N,7972
cutesv调参,A9,9,A,P08_CLR_s10
cutesv调参,B9,9,B,CLR_like
cutesv调参,C9,9,C,10
cutesv调参,D9,9,D,100
cutesv调参,E9,9,E,0.3
cutesv调参,F9,9,F,200
cutesv调参,G9,9,G,0.5
cutesv调参,H9,9,H,0.925385935
cutesv调参,I9,9,I,0.707367373
cutesv调参,J9,9,J,0.801820844
cutesv调参,K9,9,K,19894
cutesv调参,L9,9,L,17264
cutesv调参,M9,9,M,1392
cutesv调参,N9,9,N,8230
cutesv调参,A10,10,A,P09_CLR_s15
cutesv调参,B10,10,B,CLR_like
cutesv调参,C10,10,C,15
cutesv调参,D10,10,D,100
cutesv调参,E10,10,E,0.3
cutesv调参,F10,10,F,200
cutesv调参,G10,10,G,0.5
cutesv调参,H10,10,H,0.927052847
cutesv调参,I10,10,I,0.688975818
cutesv调参,J10,10,J,0.790477307
cutesv调参,K10,10,K,19374
cutesv调参,L10,10,L,16788
cutesv调参,M10,10,M,1321
cutesv调参,N10,10,N,8746
cutesv调参,A12,12,A,现有 BGI、ONT、HiFi 的 cuteSV 脚本实际都用了同一套，更接近ONT 参数：
cutesv调参,G12,12,G,因素
cutesv调参,H12,12,H,水平
cutesv调参,B13,13,B,-s <depth-dependent>
cutesv调参,E13,13,E,其中-s是按深度变的：
cutesv调参,G13,13,G,cuteSV 参数类型
cutesv调参,H13,13,H,ONT-like、HiFi-like、CLR-like
cutesv调参,B14,14,B,-l 50
cutesv调参,E14,14,E,"10x: -s 3
30x: -s 10
50x: -s 10"
cutesv调参,G14,14,G,-s support
cutesv调参,H14,14,H,5、10、15
cutesv调参,B15,15,B,--genotype
cutesv调参,G15,15,G,固定
cutesv调参,H15,15,H,-l 50、--genotype、Truvari 沿用旧参数
cutesv调参,B16,16,B,-S HG002
cutesv调参,B17,17,B,--max_cluster_bias_INS 100
cutesv调参,B18,18,B,--diff_ratio_merging_INS 0.3
cutesv调参,B19,19,B,--max_cluster_bias_DEL 100
cutesv调参,B20,20,B,--diff_ratio_merging_DEL 0.3
cutesv调参,A22,22,A,目前最佳结果
cutesv调参,B22,22,B,R2_02_support_s3_q20
cutesv调参,F22,22,F,BGI 50x 的 cuteSV tuned 参数先定为：
cutesv调参,B23,23,B,-s 3
cutesv调参,F23,23,F,"-s 3 -q 20 -l 50 --genotype -S HG002 \
--max_cluster_bias_INS 100 --diff_ratio_merging_INS 0.3 \
--max_cluster_bias_DEL 100 --diff_ratio_merging_DEL 0.3"
cutesv调参,B24,24,B,-q 20
cutesv调参,B25,25,B,INS bias/ratio = 100 / 0.3
cutesv调参,B26,26,B,DEL bias/ratio = 100 / 0.3
cutesv调参,B27,27,B,precision = 0.924874
cutesv调参,B28,28,B,recall    = 0.733094
cutesv调参,B29,29,B,F1        = 0.817892
cutesv调参,B30,30,B,FP = 1463
cutesv调参,B31,31,B,FN = 7507
cutesv调参,A34,34,A,family
cutesv调参,B34,34,B,vcf
cutesv调参,C34,34,C,parameters
cutesv调参,G34,34,G,GIAB-bench
cutesv调参,V34,34,V,GIAB-refine
cutesv调参,A35,35,A,family
cutesv调参,B35,35,B,vcf
cutesv调参,C35,35,C,bias_ins
cutesv调参,D35,35,D,ratio_ins
cutesv调参,E35,35,E,bias_del
cutesv调参,F35,35,F,ratio_del
cutesv调参,G35,35,G,precision
cutesv调参,H35,35,H,recall
cutesv调参,I35,35,I,F1
cutesv调参,J35,35,J,concordance
cutesv调参,K35,35,K,gt-precision
cutesv调参,L35,35,L,gt-recall
cutesv调参,M35,35,M,gt-F1
cutesv调参,N35,35,N,tp-base
cutesv调参,O35,35,O,tp-call
cutesv调参,P35,35,P,fp
cutesv调参,Q35,35,Q,fn
cutesv调参,R35,35,R,TP-call-TP
cutesv调参,S35,35,S,TP-call-FP
cutesv调参,T35,35,T,TP-base-TP
cutesv调参,U35,35,U,TP-base-FP
cutesv调参,V35,35,V,tp-base
cutesv调参,W35,35,W,tp-call
cutesv调参,X35,35,X,fp
cutesv调参,Y35,35,Y,fn
cutesv调参,Z35,35,Z,precision
cutesv调参,AA35,35,AA,recall
cutesv调参,AB35,35,AB,F1
cutesv调参,A36,36,A,cuteSV -l 50 -s 10 -q 10
cutesv调参,B36,36,B,cutesv_10_10_100_0.3_100_0.3
cutesv调参,C36,36,C,100
cutesv调参,D36,36,D,0.3
cutesv调参,E36,36,E,100
cutesv调参,F36,36,F,0.3
cutesv调参,G36,36,G,0.9261
cutesv调参,H36,36,H,0.7204
cutesv调参,I36,36,I,0.8104
cutesv调参,J36,36,J,0.7974
cutesv调参,K36,36,K,0.7385
cutesv调参,L36,36,L,0.502
cutesv调参,M36,36,M,0.5977
cutesv调参,N36,36,N,20263
cutesv调参,O36,36,O,17708
cutesv调参,P36,36,P,1413
cutesv调参,Q36,36,Q,7863
cutesv调参,R36,36,R,14120
cutesv调参,S36,36,S,3588
cutesv调参,T36,36,T,14120
cutesv调参,U36,36,U,6143
cutesv调参,V36,36,V,23653
cutesv调参,W36,36,W,18541
cutesv调参,X36,36,X,580
cutesv调参,Y36,36,Y,4473
cutesv调参,Z36,36,Z,0.9697
cutesv调参,AA36,36,AA,0.841
cutesv调参,AB36,36,AB,0.9007
cutesv调参,B37,37,B,cutesv_10_10_100_0.3_100_0.5
cutesv调参,C37,37,C,100
cutesv调参,D37,37,D,0.3
cutesv调参,E37,37,E,100
cutesv调参,F37,37,F,0.5
cutesv调参,G37,37,G,0.9212
cutesv调参,H37,37,H,0.7163
cutesv调参,I37,37,I,0.8059
cutesv调参,J37,37,J,0.7901
cutesv调参,K37,37,K,0.7278
cutesv调参,L37,37,L,0.4927
cutesv调参,M37,37,M,0.5876
cutesv调参,N37,37,N,20146
cutesv调参,O37,37,O,17536
cutesv调参,P37,37,P,1501
cutesv调参,Q37,37,Q,7981
cutesv调参,R37,37,R,13856
cutesv调参,S37,37,S,3680
cutesv调参,T37,37,T,13857
cutesv调参,U37,37,U,6289
cutesv调参,V37,37,V,23546
cutesv调参,W37,37,W,18408
cutesv调参,X37,37,X,629
cutesv调参,Y37,37,Y,4581
cutesv调参,Z37,37,Z,0.967
cutesv调参,AA37,37,AA,0.8371
cutesv调参,AB37,37,AB,0.8974
cutesv调参,B38,38,B,cutesv_10_10_100_0.3_100_0.9
cutesv调参,C38,38,C,100
cutesv调参,D38,38,D,0.3
cutesv调参,E38,38,E,100
cutesv调参,F38,38,F,0.9
cutesv调参,G38,38,G,0.914
cutesv调参,H38,38,H,0.7099
cutesv调参,I38,38,I,0.7991
cutesv调参,J38,38,J,0.7845
cutesv调参,K38,38,K,0.717
cutesv调参,L38,38,L,0.4837
cutesv调参,M38,38,M,0.5777
cutesv调参,N38,38,N,19966
cutesv调参,O38,38,O,17339
cutesv调参,P38,38,P,1632
cutesv调参,Q38,38,Q,8161
cutesv调参,R38,38,R,13602
cutesv调参,S38,38,S,3737
cutesv调参,T38,38,T,13604
cutesv调参,U38,38,U,6362
cutesv调参,V38,38,V,23442
cutesv调参,W38,38,W,18280
cutesv调参,X38,38,X,691
cutesv调参,Y38,38,Y,4685
cutesv调参,Z38,38,Z,0.9636
cutesv调参,AA38,38,AA,0.8334
cutesv调参,AB38,38,AB,0.8938
cutesv调参,B39,39,B,cutesv_10_10_100_0.3_500_0.3
cutesv调参,C39,39,C,100
cutesv调参,D39,39,D,0.3
cutesv调参,E39,39,E,500
cutesv调参,F39,39,F,0.3
cutesv调参,G39,39,G,0.9072
cutesv调参,H39,39,H,0.6975
cutesv调参,I39,39,I,0.7886
cutesv调参,J39,39,J,0.7912
cutesv调参,K39,39,K,0.7177
cutesv调参,L39,39,L,0.4798
cutesv调参,M39,39,M,0.5751
cutesv调参,N39,39,N,19615
cutesv调参,O39,39,O,17049
cutesv调参,P39,39,P,1745
cutesv调参,Q39,39,Q,8507
cutesv调参,R39,39,R,13489
cutesv调参,S39,39,S,3560
cutesv调参,T39,39,T,13493
cutesv调参,U39,39,U,6122
cutesv调参,V39,39,V,23220
cutesv调参,W39,39,W,17774
cutesv调参,X39,39,X,1020
cutesv调参,Y39,39,Y,4902
cutesv调参,Z39,39,Z,0.9457
cutesv调参,AA39,39,AA,0.8257
cutesv调参,AB39,39,AB,0.8816
cutesv调参,B40,40,B,cutesv_10_10_100_0.3_500_0.5
cutesv调参,C40,40,C,100
cutesv调参,D40,40,D,0.3
cutesv调参,E40,40,E,500
cutesv调参,F40,40,F,0.5
cutesv调参,G40,40,G,0.8628
cutesv调参,H40,40,H,0.6887
cutesv调参,I40,40,I,0.766
cutesv调参,J40,40,J,0.7809
cutesv调参,K40,40,K,0.6738
cutesv调参,L40,40,L,0.4655
cutesv调参,M40,40,M,0.5506
cutesv调参,N40,40,N,19366
cutesv调参,O40,40,O,16755
cutesv调参,P40,40,P,2664
cutesv调参,Q40,40,Q,8755
cutesv调参,R40,40,R,13084
cutesv调参,S40,40,S,3671
cutesv调参,T40,40,T,13090
cutesv调参,U40,40,U,6276
cutesv调参,V40,40,V,22990
cutesv调参,W40,40,W,17526
cutesv调参,X40,40,X,1893
cutesv调参,Y40,40,Y,5131
cutesv调参,Z40,40,Z,0.9025
cutesv调参,AA40,40,AA,0.8175
cutesv调参,AB40,40,AB,0.8579
cutesv调参,B41,41,B,cutesv_10_10_100_0.3_500_0.9
cutesv调参,C41,41,C,100
cutesv调参,D41,41,D,0.3
cutesv调参,E41,41,E,500
cutesv调参,F41,41,F,0.9
cutesv调参,G41,41,G,0.7741
cutesv调参,H41,41,H,0.6779
cutesv调参,I41,41,I,0.7228
cutesv调参,J41,41,J,0.7718
cutesv调参,K41,41,K,0.5974
cutesv调参,L41,41,L,0.4514
cutesv调参,M41,41,M,0.5143
cutesv调参,N41,41,N,19063
cutesv调参,O41,41,O,16439
cutesv调参,P41,41,P,4797
cutesv调参,Q41,41,Q,9058
cutesv调参,R41,41,R,12687
cutesv调参,S41,41,S,3752
cutesv调参,T41,41,T,12694
cutesv调参,U41,41,U,6369
cutesv调参,V41,41,V,22865
cutesv调参,W41,41,W,17364
cutesv调参,X41,41,X,3872
cutesv调参,Y41,41,Y,5256
cutesv调参,Z41,41,Z,0.8177
cutesv调参,AA41,41,AA,0.8131
cutesv调参,AB41,41,AB,0.8154
cutesv调参,B42,42,B,cutesv_10_10_100_0.3_1000_0.3
cutesv调参,C42,42,C,100
cutesv调参,D42,42,D,0.3
cutesv调参,E42,42,E,1000
cutesv调参,F42,42,F,0.3
cutesv调参,G42,42,G,0.8471
cutesv调参,H42,42,H,0.6467
cutesv调参,I42,42,I,0.7334
cutesv调参,J42,42,J,0.7804
cutesv调参,K42,42,K,0.661
cutesv调参,L42,42,L,0.4365
cutesv调参,M42,42,M,0.5258
cutesv调参,N42,42,N,18183
cutesv调参,O42,42,O,15722
cutesv调参,P42,42,P,2838
cutesv调参,Q42,42,Q,9934
cutesv调参,R42,42,R,12269
cutesv调参,S42,42,S,3453
cutesv调参,T42,42,T,12274
cutesv调参,U42,42,U,5909
cutesv调参,V42,42,V,22003
cutesv调参,W42,42,W,16522
cutesv调参,X42,42,X,2038
cutesv调参,Y42,42,Y,6114
cutesv调参,Z42,42,Z,0.8902
cutesv调参,AA42,42,AA,0.7826
cutesv调参,AB42,42,AB,0.8329
cutesv调参,B43,43,B,cutesv_10_10_100_0.3_1000_0.5
cutesv调参,C43,43,C,100
cutesv调参,D43,43,D,0.3
cutesv调参,E43,43,E,1000
cutesv调参,F43,43,F,0.5
cutesv调参,G43,43,G,0.7682
cutesv调参,H43,43,H,0.6277
cutesv调参,I43,43,I,0.6909
cutesv调参,J43,43,J,0.7674
cutesv调参,K43,43,K,0.5895
cutesv调参,L43,43,L,0.4145
cutesv调参,M43,43,M,0.4867
cutesv调参,N43,43,N,17650
cutesv调参,O43,43,O,15182
cutesv调参,P43,43,P,4581
cutesv调参,Q43,43,Q,10467
cutesv调参,R43,43,R,11650
cutesv调参,S43,43,S,3532
cutesv调参,T43,43,T,11654
cutesv调参,U43,43,U,5996
cutesv调参,V43,43,V,21513
cutesv调参,W43,43,W,16066
cutesv调参,X43,43,X,3697
cutesv调参,Y43,43,Y,6604
cutesv调参,Z43,43,Z,0.8129
cutesv调参,AA43,43,AA,0.7651
cutesv调参,AB43,43,AB,0.7883
cutesv调参,B44,44,B,cutesv_10_10_100_0.3_1000_0.9
cutesv调参,C44,44,C,100
cutesv调参,D44,44,D,0.3
cutesv调参,E44,44,E,1000
cutesv调参,F44,44,F,0.9
cutesv调参,G44,44,G,0.6292
cutesv调参,H44,44,H,0.6061
cutesv调参,I44,44,I,0.6174
cutesv调参,J44,44,J,0.7521
cutesv调参,K44,44,K,0.4732
cutesv调参,L44,44,L,0.39
cutesv调参,M44,44,M,0.4276
cutesv调参,N44,44,N,17041
cutesv调参,O44,44,O,14573
cutesv调参,P44,44,P,8588
cutesv调参,Q44,44,Q,11076
cutesv调参,R44,44,R,10960
cutesv调参,S44,44,S,3613
cutesv调参,T44,44,T,10966
cutesv调参,U44,44,U,6075
cutesv调参,V44,44,V,21043
cutesv调参,W44,44,W,15645
cutesv调参,X44,44,X,7516
cutesv调参,Y44,44,Y,7074
cutesv调参,Z44,44,Z,0.6755
cutesv调参,AA44,44,AA,0.7484
cutesv调参,AB44,44,AB,0.7101
cutesv调参,B45,45,B,cutesv_10_10_100_0.5_100_0.3
cutesv调参,C45,45,C,100
cutesv调参,D45,45,D,0.5
cutesv调参,E45,45,E,100
cutesv调参,F45,45,F,0.3
cutesv调参,G45,45,G,0.9221
cutesv调参,H45,45,H,0.7126
cutesv调参,I45,45,I,0.8039
cutesv调参,J45,45,J,0.781
cutesv调参,K45,45,K,0.7201
cutesv调参,L45,45,L,0.4823
cutesv调参,M45,45,M,0.5777
cutesv调参,N45,45,N,20042
cutesv调参,O45,45,O,17367
cutesv调参,P45,45,P,1468
cutesv调参,Q45,45,Q,8084
cutesv调参,R45,45,R,13564
cutesv调参,S45,45,S,3803
cutesv调参,T45,45,T,13566
cutesv调参,U45,45,U,6476
cutesv调参,V45,45,V,23517
cutesv调参,W45,45,W,18228
cutesv调参,X45,45,X,607
cutesv调参,Y45,45,Y,4609
cutesv调参,Z45,45,Z,0.9678
cutesv调参,AA45,45,AA,0.8361
cutesv调参,AB45,45,AB,0.8971
cutesv调参,B46,46,B,cutesv_10_10_100_0.5_100_0.5
cutesv调参,C46,46,C,100
cutesv调参,D46,46,D,0.5
cutesv调参,E46,46,E,100
cutesv调参,F46,46,F,0.5
cutesv调参,G46,46,G,0.917
cutesv调参,H46,46,H,0.7084
cutesv调参,I46,46,I,0.7993
cutesv调参,J46,46,J,0.7735
cutesv调参,K46,46,K,0.7093
cutesv调参,L46,46,L,0.473
cutesv调参,M46,46,M,0.5675
cutesv调参,N46,46,N,19925
cutesv调参,O46,46,O,17195
cutesv调参,P46,46,P,1556
cutesv调参,Q46,46,Q,8202
cutesv调参,R46,46,R,13300
cutesv调参,S46,46,S,3895
cutesv调参,T46,46,T,13303
cutesv调参,U46,46,U,6622
cutesv调参,V46,46,V,23396
cutesv调参,W46,46,W,18100
cutesv调参,X46,46,X,651
cutesv调参,Y46,46,Y,4731
cutesv调参,Z46,46,Z,0.9653
cutesv调参,AA46,46,AA,0.8318
cutesv调参,AB46,46,AB,0.8936
cutesv调参,B47,47,B,cutesv_10_10_100_0.5_100_0.9
cutesv调参,C47,47,C,100
cutesv调参,D47,47,D,0.5
cutesv调参,E47,47,E,100
cutesv调参,F47,47,F,0.9
cutesv调参,G47,47,G,0.9097
cutesv调参,H47,47,H,0.702
cutesv调参,I47,47,I,0.7925
cutesv调参,J47,47,J,0.7675
cutesv调参,K47,47,K,0.6982
cutesv调参,L47,47,L,0.464
cutesv调参,M47,47,M,0.5575
cutesv调参,N47,47,N,19745
cutesv调参,O47,47,O,16998
cutesv调参,P47,47,P,1687
cutesv调参,Q47,47,Q,8382
cutesv调参,R47,47,R,13046
cutesv调参,S47,47,S,3952
cutesv调参,T47,47,T,13050
cutesv调参,U47,47,U,6695
cutesv调参,V47,47,V,23287
cutesv调参,W47,47,W,17964
cutesv调参,X47,47,X,721
cutesv调参,Y47,47,Y,4840
cutesv调参,Z47,47,Z,0.9614
cutesv调参,AA47,47,AA,0.8279
cutesv调参,AB47,47,AB,0.8897
cutesv调参,B48,48,B,cutesv_10_10_100_0.5_500_0.3
cutesv调参,C48,48,C,100
cutesv调参,D48,48,D,0.5
cutesv调参,E48,48,E,500
cutesv调参,F48,48,F,0.3
cutesv调参,G48,48,G,0.9027
cutesv调参,H48,48,H,0.6896
cutesv调参,I48,48,I,0.7819
cutesv调参,J48,48,J,0.7741
cutesv调参,K48,48,K,0.6988
cutesv调参,L48,48,L,0.4601
cutesv调参,M48,48,M,0.5549
cutesv调参,N48,48,N,19394
cutesv调参,O48,48,O,16708
cutesv调参,P48,48,P,1800
cutesv调参,Q48,48,Q,8728
cutesv调参,R48,48,R,12933
cutesv调参,S48,48,S,3775
cutesv调参,T48,48,T,12939
cutesv调参,U48,48,U,6455
cutesv调参,V48,48,V,23097
cutesv调参,W48,48,W,17459
cutesv调参,X48,48,X,1049
cutesv调参,Y48,48,Y,5025
cutesv调参,Z48,48,Z,0.9433
cutesv调参,AA48,48,AA,0.8213
cutesv调参,AB48,48,AB,0.8781
cutesv调参,B49,49,B,cutesv_10_10_100_0.5_500_0.5
cutesv调参,C49,49,C,100
cutesv调参,D49,49,D,0.5
cutesv调参,E49,49,E,500
cutesv调参,F49,49,F,0.5
cutesv调参,G49,49,G,0.8579
cutesv调参,H49,49,H,0.6808
cutesv调参,I49,49,I,0.7592
cutesv调参,J49,49,J,0.7633
cutesv调参,K49,49,K,0.6548
cutesv调参,L49,49,L,0.4458
cutesv调参,M49,49,M,0.5304
cutesv调参,N49,49,N,19145
cutesv调参,O49,49,O,16414
cutesv调参,P49,49,P,2719
cutesv调参,Q49,49,Q,8976
cutesv调参,R49,49,R,12528
cutesv调参,S49,49,S,3886
cutesv调参,T49,49,T,12536
cutesv调参,U49,49,U,6609
cutesv调参,V49,49,V,22868
cutesv调参,W49,49,W,17222
cutesv调参,X49,49,X,1911
cutesv调参,Y49,49,Y,5253
cutesv调参,Z49,49,Z,0.9001
cutesv调参,AA49,49,AA,0.8132
cutesv调参,AB49,49,AB,0.8545
cutesv调参,B50,50,B,cutesv_10_10_100_0.5_500_0.9
cutesv调参,C50,50,C,100
cutesv调参,D50,50,D,0.5
cutesv调参,E50,50,E,500
cutesv调参,F50,50,F,0.9
cutesv调参,G50,50,G,0.7684
cutesv调参,H50,50,H,0.67
cutesv调参,I50,50,I,0.7159
cutesv调参,J50,50,J,0.7536
cutesv调参,K50,50,K,0.579
cutesv调参,L50,50,L,0.4317
cutesv调参,M50,50,M,0.4946
cutesv调参,N50,50,N,18842
cutesv调参,O50,50,O,16098
cutesv调参,P50,50,P,4852
cutesv调参,Q50,50,Q,9279
cutesv调参,R50,50,R,12131
cutesv调参,S50,50,S,3967
cutesv调参,T50,50,T,12140
cutesv调参,U50,50,U,6702
cutesv调参,V50,50,V,22684
cutesv调参,W50,50,W,17042
cutesv调参,X50,50,X,3908
cutesv调参,Y50,50,Y,5437
cutesv调参,Z50,50,Z,0.8135
cutesv调参,AA50,50,AA,0.8067
cutesv调参,AB50,50,AB,0.81
cutesv调参,B51,51,B,cutesv_10_10_100_0.5_1000_0.3
cutesv调参,C51,51,C,100
cutesv调参,D51,51,D,0.5
cutesv调参,E51,51,E,1000
cutesv调参,F51,51,F,0.3
cutesv调参,G51,51,G,0.8417
cutesv调参,H51,51,H,0.6388
cutesv调参,I51,51,I,0.7264
cutesv调参,J51,51,J,0.7615
cutesv调参,K51,51,K,0.641
cutesv调参,L51,51,L,0.4168
cutesv调参,M51,51,M,0.5052
cutesv调参,N51,51,N,17962
cutesv调参,O51,51,O,15381
cutesv调参,P51,51,P,2893
cutesv调参,Q51,51,Q,10155
cutesv调参,R51,51,R,11713
cutesv调参,S51,51,S,3668
cutesv调参,T51,51,T,11720
cutesv调参,U51,51,U,6242
cutesv调参,V51,51,V,21826
cutesv调参,W51,51,W,16201
cutesv调参,X51,51,X,2073
cutesv调参,Y51,51,Y,6291
cutesv调参,Z51,51,Z,0.8866
cutesv调参,AA51,51,AA,0.7763
cutesv调参,AB51,51,AB,0.8277
cutesv调参,B52,52,B,cutesv_10_10_100_0.5_1000_0.5
cutesv调参,C52,52,C,100
cutesv调参,D52,52,D,0.5
cutesv调参,E52,52,E,1000
cutesv调参,F52,52,F,0.5
cutesv调参,G52,52,G,0.762
cutesv调参,H52,52,H,0.6199
cutesv调参,I52,52,I,0.6836
cutesv调参,J52,52,J,0.7475
cutesv调参,K52,52,K,0.5696
cutesv调参,L52,52,L,0.3948
cutesv调参,M52,52,M,0.4663
cutesv调参,N52,52,N,17429
cutesv调参,O52,52,O,14841
cutesv调参,P52,52,P,4636
cutesv调参,Q52,52,Q,10688
cutesv调参,R52,52,R,11094
cutesv调参,S52,52,S,3747
cutesv调参,T52,52,T,11100
cutesv调参,U52,52,U,6329
cutesv调参,V52,52,V,21354
cutesv调参,W52,52,W,15749
cutesv调参,X52,52,X,3728
cutesv调参,Y52,52,Y,6763
cutesv调参,Z52,52,Z,0.8086
cutesv调参,AA52,52,AA,0.7595
cutesv调参,AB52,52,AB,0.7833
cutesv调参,B53,53,B,cutesv_10_10_100_0.5_1000_0.9
cutesv调参,C53,53,C,100
cutesv调参,D53,53,D,0.5
cutesv调参,E53,53,E,1000
cutesv调参,F53,53,F,0.9
cutesv调参,G53,53,G,0.6222
cutesv调参,H53,53,H,0.5982
cutesv调参,I53,53,I,0.61
cutesv调参,J53,53,J,0.731
cutesv调参,K53,53,K,0.4548
cutesv调参,L53,53,L,0.3703
cutesv调参,M53,53,M,0.4082
cutesv调参,N53,53,N,16820
cutesv调参,O53,53,O,14232
cutesv调参,P53,53,P,8643
cutesv调参,Q53,53,Q,11297
cutesv调参,R53,53,R,10404
cutesv调参,S53,53,S,3828
cutesv调参,T53,53,T,10412
cutesv调参,U53,53,U,6408
cutesv调参,V53,53,V,20899
cutesv调参,W53,53,W,15323
cutesv调参,X53,53,X,7552
cutesv调参,Y53,53,Y,7218
cutesv调参,Z53,53,Z,0.6699
cutesv调参,AA53,53,AA,0.7433
cutesv调参,AB53,53,AB,0.7047
cutesv调参,B54,54,B,cutesv_10_10_100_0.9_100_0.3
cutesv调参,C54,54,C,100
cutesv调参,D54,54,D,0.9
cutesv调参,E54,54,E,100
cutesv调参,F54,54,F,0.3
cutesv调参,G54,54,G,0.9129
cutesv调参,H54,54,H,0.699
cutesv调参,I54,54,I,0.7917
cutesv调参,J54,54,J,0.767
cutesv调参,K54,54,K,0.7002
cutesv调参,L54,54,L,0.4622
cutesv调参,M54,54,M,0.5568
cutesv调参,N54,54,N,19659
cutesv调参,O54,54,O,16948
cutesv调参,P54,54,P,1618
cutesv调参,Q54,54,Q,8467
cutesv调参,R54,54,R,12999
cutesv调参,S54,54,S,3949
cutesv调参,T54,54,T,13001
cutesv调参,U54,54,U,6658
cutesv调参,V54,54,V,23337
cutesv调参,W54,54,W,17867
cutesv调参,X54,54,X,699
cutesv调参,Y54,54,Y,4789
cutesv调参,Z54,54,Z,0.9624
cutesv调参,AA54,54,AA,0.8297
cutesv调参,AB54,54,AB,0.8911
cutesv调参,B55,55,B,cutesv_10_10_100_0.9_100_0.5
cutesv调参,C55,55,C,100
cutesv调参,D55,55,D,0.9
cutesv调参,E55,55,E,100
cutesv调参,F55,55,F,0.5
cutesv调参,G55,55,G,0.9077
cutesv调参,H55,55,H,0.6948
cutesv调参,I55,55,I,0.7871
cutesv调参,J55,55,J,0.7591
cutesv调参,K55,55,K,0.689
cutesv调参,L55,55,L,0.4529
cutesv调参,M55,55,M,0.5465
cutesv调参,N55,55,N,19542
cutesv调参,O55,55,O,16776
cutesv调参,P55,55,P,1706
cutesv调参,Q55,55,Q,8585
cutesv调参,R55,55,R,12735
cutesv调参,S55,55,S,4041
cutesv调参,T55,55,T,12738
cutesv调参,U55,55,U,6804
cutesv调参,V55,55,V,23218
cutesv调参,W55,55,W,17733
cutesv调参,X55,55,X,749
cutesv调参,Y55,55,Y,4909
cutesv调参,Z55,55,Z,0.9595
cutesv调参,AA55,55,AA,0.8255
cutesv调参,AB55,55,AB,0.8874
cutesv调参,B56,56,B,cutesv_10_10_100_0.9_100_0.9
cutesv调参,C56,56,C,100
cutesv调参,D56,56,D,0.9
cutesv调参,E56,56,E,100
cutesv调参,F56,56,F,0.9
cutesv调参,G56,56,G,0.9002
cutesv调参,H56,56,H,0.6884
cutesv调参,I56,56,I,0.7802
cutesv调参,J56,56,J,0.7528
cutesv调参,K56,56,K,0.6777
cutesv调参,L56,56,L,0.4439
cutesv调参,M56,56,M,0.5364
cutesv调参,N56,56,N,19362
cutesv调参,O56,56,O,16579
cutesv调参,P56,56,P,1837
cutesv调参,Q56,56,Q,8765
cutesv调参,R56,56,R,12481
cutesv调参,S56,56,S,4098
cutesv调参,T56,56,T,12485
cutesv调参,U56,56,U,6877
cutesv调参,V56,56,V,23142
cutesv调参,W56,56,W,17621
cutesv调参,X56,56,X,795
cutesv调参,Y56,56,Y,4985
cutesv调参,Z56,56,Z,0.9568
cutesv调参,AA56,56,AA,0.8228
cutesv调参,AB56,56,AB,0.8847
cutesv调参,B57,57,B,cutesv_10_10_100_0.9_500_0.3
cutesv调参,C57,57,C,100
cutesv调参,D57,57,D,0.9
cutesv调参,E57,57,E,500
cutesv调参,F57,57,F,0.3
cutesv调参,G57,57,G,0.8931
cutesv调参,H57,57,H,0.676
cutesv调参,I57,57,I,0.7695
cutesv调参,J57,57,J,0.7593
cutesv调参,K57,57,K,0.6781
cutesv调参,L57,57,L,0.44
cutesv调参,M57,57,M,0.5337
cutesv调参,N57,57,N,19011
cutesv调参,O57,57,O,16289
cutesv调参,P57,57,P,1950
cutesv调参,Q57,57,Q,9111
cutesv调参,R57,57,R,12368
cutesv调参,S57,57,S,3921
cutesv调参,T57,57,T,12374
cutesv调参,U57,57,U,6637
cutesv调参,V57,57,V,22888
cutesv调参,W57,57,W,17097
cutesv调参,X57,57,X,1142
cutesv调参,Y57,57,Y,5234
cutesv调参,Z57,57,Z,0.9374
cutesv调参,AA57,57,AA,0.8139
cutesv调参,AB57,57,AB,0.8713
cutesv调参,B58,58,B,cutesv_10_10_100_0.9_500_0.5
cutesv调参,C58,58,C,100
cutesv调参,D58,58,D,0.9
cutesv调参,E58,58,E,500
cutesv调参,F58,58,F,0.5
cutesv调参,G58,58,G,0.8479
cutesv调参,H58,58,H,0.6672
cutesv调参,I58,58,I,0.7468
cutesv调参,J58,58,J,0.7479
cutesv调参,K58,58,K,0.6342
cutesv调参,L58,58,L,0.4257
cutesv调参,M58,58,M,0.5094
cutesv调参,N58,58,N,18762
cutesv调参,O58,58,O,15995
cutesv调参,P58,58,P,2869
cutesv调参,Q58,58,Q,9359
cutesv调参,R58,58,R,11963
cutesv调参,S58,58,S,4032
cutesv调参,T58,58,T,11971
cutesv调参,U58,58,U,6791
cutesv调参,V58,58,V,22669
cutesv调参,W58,58,W,16863
cutesv调参,X58,58,X,2001
cutesv调参,Y58,58,Y,5452
cutesv调参,Z58,58,Z,0.8939
cutesv调参,AA58,58,AA,0.8061
cutesv调参,AB58,58,AB,0.8478
cutesv调参,B59,59,B,cutesv_10_10_100_0.9_500_0.9
cutesv调参,C59,59,C,100
cutesv调参,D59,59,D,0.9
cutesv调参,E59,59,E,500
cutesv调参,F59,59,F,0.9
cutesv调参,G59,59,G,0.7581
cutesv调参,H59,59,H,0.6564
cutesv调参,I59,59,I,0.7036
cutesv调参,J59,59,J,0.7377
cutesv调参,K59,59,K,0.5593
cutesv调参,L59,59,L,0.4116
cutesv调参,M59,59,M,0.4742
cutesv调参,N59,59,N,18459
cutesv调参,O59,59,O,15679
cutesv调参,P59,59,P,5002
cutesv调参,Q59,59,Q,9662
cutesv调参,R59,59,R,11566
cutesv调参,S59,59,S,4113
cutesv调参,T59,59,T,11575
cutesv调参,U59,59,U,6884
cutesv调参,V59,59,V,22491
cutesv调参,W59,59,W,16683
cutesv调参,X59,59,X,3998
cutesv调参,Y59,59,Y,5630
cutesv调参,Z59,59,Z,0.8067
cutesv调参,AA59,59,AA,0.7998
cutesv调参,AB59,59,AB,0.8032
cutesv调参,B60,60,B,cutesv_10_10_100_0.9_1000_0.3
cutesv调参,C60,60,C,100
cutesv调参,D60,60,D,0.9
cutesv调参,E60,60,E,1000
cutesv调参,F60,60,F,0.3
cutesv调参,G60,60,G,0.831
cutesv调参,H60,60,H,0.6252
cutesv调参,I60,60,I,0.7136
cutesv调参,J60,60,J,0.7451
cutesv调参,K60,60,K,0.6192
cutesv调参,L60,60,L,0.3967
cutesv调参,M60,60,M,0.4836
cutesv调参,N60,60,N,17579
cutesv调参,O60,60,O,14962
cutesv调参,P60,60,P,3043
cutesv调参,Q60,60,Q,10538
cutesv调参,R60,60,R,11148
cutesv调参,S60,60,S,3814
cutesv调参,T60,60,T,11155
cutesv调参,U60,60,U,6424
cutesv调参,V60,60,V,21664
cutesv调参,W60,60,W,15846
cutesv调参,X60,60,X,2159
cutesv调参,Y60,60,Y,6453
cutesv调参,Z60,60,Z,0.8801
cutesv调参,AA60,60,AA,0.7705
cutesv调参,AB60,60,AB,0.8217
cutesv调参,B61,61,B,cutesv_10_10_100_0.9_1000_0.5
cutesv调参,C61,61,C,100
cutesv调参,D61,61,D,0.9
cutesv调参,E61,61,E,1000
cutesv调参,F61,61,F,0.5
cutesv调参,G61,61,G,0.7508
cutesv调参,H61,61,H,0.6063
cutesv调参,I61,61,I,0.6708
cutesv调参,J61,61,J,0.7301
cutesv调参,K61,61,K,0.5482
cutesv调参,L61,61,L,0.3747
cutesv调参,M61,61,M,0.4451
cutesv调参,N61,61,N,17046
cutesv调参,O61,61,O,14422
cutesv调参,P61,61,P,4786
cutesv调参,Q61,61,Q,11071
cutesv调参,R61,61,R,10529
cutesv调参,S61,61,S,3893
cutesv调参,T61,61,T,10535
cutesv调参,U61,61,U,6511
cutesv调参,V61,61,V,21169
cutesv调参,W61,61,W,15389
cutesv调参,X61,61,X,3819
cutesv调参,Y61,61,Y,6948
cutesv调参,Z61,61,Z,0.8012
cutesv调参,AA61,61,AA,0.7529
cutesv调参,AB61,61,AB,0.7763
cutesv调参,B62,62,B,cutesv_10_10_100_0.9_1000_0.9
cutesv调参,C62,62,C,100
cutesv调参,D62,62,D,0.9
cutesv调参,E62,62,E,1000
cutesv调参,F62,62,F,0.9
cutesv调参,G62,62,G,0.611
cutesv调参,H62,62,H,0.5846
cutesv调参,I62,62,I,0.5975
cutesv调参,J62,62,J,0.7123
cutesv调参,K62,62,K,0.4352
cutesv调参,L62,62,L,0.3502
cutesv调参,M62,62,M,0.3881
cutesv调参,N62,62,N,16437
cutesv调参,O62,62,O,13813
cutesv调参,P62,62,P,8793
cutesv调参,Q62,62,Q,11680
cutesv调参,R62,62,R,9839
cutesv调参,S62,62,S,3974
cutesv调参,T62,62,T,9847
cutesv调参,U62,62,U,6590
cutesv调参,V62,62,V,20691
cutesv调参,W62,62,W,14955
cutesv调参,X62,62,X,7651
cutesv调参,Y62,62,Y,7426
cutesv调参,Z62,62,Z,0.6616
cutesv调参,AA62,62,AA,0.7359
cutesv调参,AB62,62,AB,0.6967
cutesv调参,B63,63,B,cutesv_10_10_500_0.3_100_0.3
cutesv调参,C63,63,C,500
cutesv调参,D63,63,D,0.3
cutesv调参,E63,63,E,100
cutesv调参,F63,63,F,0.3
cutesv调参,G63,63,G,0.9287
cutesv调参,H63,63,H,0.7105
cutesv调参,I63,63,I,0.8051
cutesv调参,J63,63,J,0.7951
cutesv调参,K63,63,K,0.7384
cutesv调参,L63,63,L,0.4922
cutesv调参,M63,63,M,0.5907
cutesv调参,N63,63,N,19981
cutesv调参,O63,63,O,17407
cutesv调参,P63,63,P,1336
cutesv调参,Q63,63,Q,8143
cutesv调参,R63,63,R,13840
cutesv调参,S63,63,S,3567
cutesv调参,T63,63,T,13842
cutesv调参,U63,63,U,6139
cutesv调参,V63,63,V,23525
cutesv调参,W63,63,W,18171
cutesv调参,X63,63,X,572
cutesv调参,Y63,63,Y,4599
cutesv调参,Z63,63,Z,0.9695
cutesv调参,AA63,63,AA,0.8365
cutesv调参,AB63,63,AB,0.8981
cutesv调参,B64,64,B,cutesv_10_10_500_0.3_100_0.5
cutesv调参,C64,64,C,500
cutesv调参,D64,64,D,0.3
cutesv调参,E64,64,E,100
cutesv调参,F64,64,F,0.5
cutesv调参,G64,64,G,0.9237
cutesv调参,H64,64,H,0.7063
cutesv调参,I64,64,I,0.8005
cutesv调参,J64,64,J,0.7877
cutesv调参,K64,64,K,0.7276
cutesv调参,L64,64,L,0.4828
cutesv调参,M64,64,M,0.5804
cutesv调参,N64,64,N,19864
cutesv调参,O64,64,O,17235
cutesv调参,P64,64,P,1424
cutesv调参,Q64,64,Q,8261
cutesv调参,R64,64,R,13576
cutesv调参,S64,64,S,3659
cutesv调参,T64,64,T,13579
cutesv调参,U64,64,U,6285
cutesv调参,V64,64,V,23411
cutesv调参,W64,64,W,18041
cutesv调参,X64,64,X,618
cutesv调参,Y64,64,Y,4714
cutesv调参,Z64,64,Z,0.9669
cutesv调参,AA64,64,AA,0.8324
cutesv调参,AB64,64,AB,0.8946
cutesv调参,B65,65,B,cutesv_10_10_500_0.3_100_0.9
cutesv调参,C65,65,C,500
cutesv调参,D65,65,D,0.3
cutesv调参,E65,65,E,100
cutesv调参,F65,65,F,0.9
cutesv调参,G65,65,G,0.9164
cutesv调参,H65,65,H,0.6999
cutesv调参,I65,65,I,0.7936
cutesv调参,J65,65,J,0.7819
cutesv调参,K65,65,K,0.7165
cutesv调参,L65,65,L,0.4738
cutesv调参,M65,65,M,0.5704
cutesv调参,N65,65,N,19684
cutesv调参,O65,65,O,17038
cutesv调参,P65,65,P,1555
cutesv调参,Q65,65,Q,8441
cutesv调参,R65,65,R,13322
cutesv调参,S65,65,S,3716
cutesv调参,T65,65,T,13326
cutesv调参,U65,65,U,6358
cutesv调参,V65,65,V,23312
cutesv调参,W65,65,W,17914
cutesv调参,X65,65,X,679
cutesv调参,Y65,65,Y,4813
cutesv调参,Z65,65,Z,0.9635
cutesv调参,AA65,65,AA,0.8289
cutesv调参,AB65,65,AB,0.8911
cutesv调参,B66,66,B,cutesv_10_10_500_0.3_500_0.3
cutesv调参,C66,66,C,500
cutesv调参,D66,66,D,0.3
cutesv调参,E66,66,E,500
cutesv调参,F66,66,F,0.3
cutesv调参,G66,66,G,0.9094
cutesv调参,H66,66,H,0.6875
cutesv调参,I66,66,I,0.7831
cutesv调参,J66,66,J,0.7887
cutesv调参,K66,66,K,0.7173
cutesv调参,L66,66,L,0.47
cutesv调参,M66,66,M,0.5678
cutesv调参,N66,66,N,19333
cutesv调参,O66,66,O,16748
cutesv调参,P66,66,P,1668
cutesv调参,Q66,66,Q,8787
cutesv调参,R66,66,R,13209
cutesv调参,S66,66,S,3539
cutesv调参,T66,66,T,13215
cutesv调参,U66,66,U,6118
cutesv调参,V66,66,V,23163
cutesv调参,W66,66,W,17405
cutesv调参,X66,66,X,1011
cutesv调参,Y66,66,Y,4957
cutesv调参,Z66,66,Z,0.9451
cutesv调参,AA66,66,AA,0.8237
cutesv调参,AB66,66,AB,0.8802
cutesv调参,B67,67,B,cutesv_10_10_500_0.3_500_0.5
cutesv调参,C67,67,C,500
cutesv调参,D67,67,D,0.3
cutesv调参,E67,67,E,500
cutesv调参,F67,67,F,0.5
cutesv调参,G67,67,G,0.8641
cutesv调参,H67,67,H,0.6787
cutesv调参,I67,67,I,0.7603
cutesv调参,J67,67,J,0.7782
cutesv调参,K67,67,K,0.6724
cutesv调参,L67,67,L,0.4556
cutesv调参,M67,67,M,0.5432
cutesv调参,N67,67,N,19084
cutesv调参,O67,67,O,16454
cutesv调参,P67,67,P,2587
cutesv调参,Q67,67,Q,9035
cutesv调参,R67,67,R,12804
cutesv调参,S67,67,S,3650
cutesv调参,T67,67,T,12812
cutesv调参,U67,67,U,6272
cutesv调参,V67,67,V,22925
cutesv调参,W67,67,W,17152
cutesv调参,X67,67,X,1889
cutesv调参,Y67,67,Y,5194
cutesv调参,Z67,67,Z,0.9008
cutesv调参,AA67,67,AA,0.8153
cutesv调参,AB67,67,AB,0.8559
cutesv调参,B68,68,B,cutesv_10_10_500_0.3_500_0.9
cutesv调参,C68,68,C,500
cutesv调参,D68,68,D,0.3
cutesv调参,E68,68,E,500
cutesv调参,F68,68,F,0.9
cutesv调参,G68,68,G,0.7737
cutesv调参,H68,68,H,0.6679
cutesv调参,I68,68,I,0.7169
cutesv调参,J68,68,J,0.7688
cutesv调参,K68,68,K,0.5948
cutesv调参,L68,68,L,0.4416
cutesv调参,M68,68,M,0.5069
cutesv调参,N68,68,N,18781
cutesv调参,O68,68,O,16138
cutesv调参,P68,68,P,4720
cutesv调参,Q68,68,Q,9338
cutesv调参,R68,68,R,12407
cutesv调参,S68,68,S,3731
cutesv调参,T68,68,T,12416
cutesv调参,U68,68,U,6365
cutesv调参,V68,68,V,22754
cutesv调参,W68,68,W,16982
cutesv调参,X68,68,X,3876
cutesv调参,Y68,68,Y,5365
cutesv调参,Z68,68,Z,0.8142
cutesv调参,AA68,68,AA,0.8092
cutesv调参,AB68,68,AB,0.8117
cutesv调参,B69,69,B,cutesv_10_10_500_0.3_1000_0.3
cutesv调参,C69,69,C,500
cutesv调参,D69,69,D,0.3
cutesv调参,E69,69,E,1000
cutesv调参,F69,69,F,0.3
cutesv调参,G69,69,G,0.8481
cutesv调参,H69,69,H,0.6367
cutesv调参,I69,69,I,0.7274
cutesv调参,J69,69,J,0.7774
cutesv调参,K69,69,K,0.6594
cutesv调参,L69,69,L,0.4267
cutesv调参,M69,69,M,0.5181
cutesv调参,N69,69,N,17901
cutesv调参,O69,69,O,15421
cutesv调参,P69,69,P,2761
cutesv调参,Q69,69,Q,10214
cutesv调参,R69,69,R,11989
cutesv调参,S69,69,S,3432
cutesv调参,T69,69,T,11996
cutesv调参,U69,69,U,5905
cutesv调参,V69,69,V,21892
cutesv调参,W69,69,W,16144
cutesv调参,X69,69,X,2038
cutesv调参,Y69,69,Y,6223
cutesv调参,Z69,69,Z,0.8879
cutesv调参,AA69,69,AA,0.7787
cutesv调参,AB69,69,AB,0.8297
cutesv调参,B70,70,B,cutesv_10_10_500_0.3_1000_0.5
cutesv调参,C70,70,C,500
cutesv调参,D70,70,D,0.3
cutesv调参,E70,70,E,1000
cutesv调参,F70,70,F,0.5
cutesv调参,G70,70,G,0.7677
cutesv调参,H70,70,H,0.6177
cutesv调参,I70,70,I,0.6846
cutesv调参,J70,70,J,0.7641
cutesv调参,K70,70,K,0.5865
cutesv调参,L70,70,L,0.4046
cutesv调参,M70,70,M,0.4789
cutesv调参,N70,70,N,17368
cutesv调参,O70,70,O,14881
cutesv调参,P70,70,P,4504
cutesv调参,Q70,70,Q,10747
cutesv调参,R70,70,R,11370
cutesv调参,S70,70,S,3511
cutesv调参,T70,70,T,11376
cutesv调参,U70,70,U,5992
cutesv调参,V70,70,V,21430
cutesv调参,W70,70,W,15693
cutesv调参,X70,70,X,3692
cutesv调参,Y70,70,Y,6685
cutesv调参,Z70,70,Z,0.8095
cutesv调参,AA70,70,AA,0.7622
cutesv调参,AB70,70,AB,0.7852
cutesv调参,B71,71,B,cutesv_10_10_500_0.3_1000_0.9
cutesv调参,C71,71,C,500
cutesv调参,D71,71,D,0.3
cutesv调参,E71,71,E,1000
cutesv调参,F71,71,F,0.9
cutesv调参,G71,71,G,0.6264
cutesv调参,H71,71,H,0.5961
cutesv调参,I71,71,I,0.6109
cutesv调参,J71,71,J,0.7483
cutesv调参,K71,71,K,0.4688
cutesv调参,L71,71,L,0.3802
cutesv调参,M71,71,M,0.4198
cutesv调参,N71,71,N,16759
cutesv调参,O71,71,O,14272
cutesv调参,P71,71,P,8511
cutesv调参,Q71,71,Q,11356
cutesv调参,R71,71,R,10680
cutesv调参,S71,71,S,3592
cutesv调参,T71,71,T,10688
cutesv调参,U71,71,U,6071
cutesv调参,V71,71,V,20938
cutesv调参,W71,71,W,15278
cutesv调参,X71,71,X,7505
cutesv调参,Y71,71,Y,7177
cutesv调参,Z71,71,Z,0.6706
cutesv调参,AA71,71,AA,0.7447
cutesv调参,AB71,71,AB,0.7057
cutesv调参,B72,72,B,cutesv_10_10_500_0.5_100_0.3
cutesv调参,C72,72,C,500
cutesv调参,D72,72,D,0.5
cutesv调参,E72,72,E,100
cutesv调参,F72,72,F,0.3
cutesv调参,G72,72,G,0.9249
cutesv调参,H72,72,H,0.7005
cutesv调参,I72,72,I,0.7972
cutesv调参,J72,72,J,0.7792
cutesv调参,K72,72,K,0.7207
cutesv调参,L72,72,L,0.472
cutesv调参,M72,72,M,0.5704
cutesv调参,N72,72,N,19700
cutesv调参,O72,72,O,17033
cutesv调参,P72,72,P,1383
cutesv调参,Q72,72,Q,8424
cutesv调参,R72,72,R,13272
cutesv调参,S72,72,S,3761
cutesv调参,T72,72,T,13274
cutesv调参,U72,72,U,6426
cutesv调参,V72,72,V,23347
cutesv调参,W72,72,W,17815
cutesv调参,X72,72,X,601
cutesv调参,Y72,72,Y,4777
cutesv调参,Z72,72,Z,0.9674
cutesv调参,AA72,72,AA,0.8301
cutesv调参,AB72,72,AB,0.8935
cutesv调参,B73,73,B,cutesv_10_10_500_0.5_100_0.5
cutesv调参,C73,73,C,500
cutesv调参,D73,73,D,0.5
cutesv调参,E73,73,E,100
cutesv调参,F73,73,F,0.5
cutesv调参,G73,73,G,0.9198
cutesv调参,H73,73,H,0.6963
cutesv调参,I73,73,I,0.7926
cutesv调参,J73,73,J,0.7715
cutesv调参,K73,73,K,0.7096
cutesv调参,L73,73,L,0.4626
cutesv调参,M73,73,M,0.5601
cutesv调参,N73,73,N,19583
cutesv调参,O73,73,O,16861
cutesv调参,P73,73,P,1471
cutesv调参,Q73,73,Q,8542
cutesv调参,R73,73,R,13008
cutesv调参,S73,73,S,3853
cutesv调参,T73,73,T,13011
cutesv调参,U73,73,U,6572
cutesv调参,V73,73,V,23253
cutesv调参,W73,73,W,17683
cutesv调参,X73,73,X,649
cutesv调参,Y73,73,Y,4872
cutesv调参,Z73,73,Z,0.9646
cutesv调参,AA73,73,AA,0.8268
cutesv调参,AB73,73,AB,0.8904
cutesv调参,B74,74,B,cutesv_10_10_500_0.5_100_0.9
cutesv调参,C74,74,C,500
cutesv调参,D74,74,D,0.5
cutesv调参,E74,74,E,100
cutesv调参,F74,74,F,0.9
cutesv调参,G74,74,G,0.9123
cutesv调参,H74,74,H,0.6899
cutesv调参,I74,74,I,0.7857
cutesv调参,J74,74,J,0.7654
cutesv调参,K74,74,K,0.6982
cutesv调参,L74,74,L,0.4536
cutesv调参,M74,74,M,0.55
cutesv调参,N74,74,N,19403
cutesv调参,O74,74,O,16664
cutesv调参,P74,74,P,1602
cutesv调参,Q74,74,Q,8722
cutesv调参,R74,74,R,12754
cutesv调参,S74,74,S,3910
cutesv调参,T74,74,T,12758
cutesv调参,U74,74,U,6645
cutesv调参,V74,74,V,23080
cutesv调参,W74,74,W,17541
cutesv调参,X74,74,X,725
cutesv调参,Y74,74,Y,5045
cutesv调参,Z74,74,Z,0.9603
cutesv调参,AA74,74,AA,0.8206
cutesv调参,AB74,74,AB,0.885
cutesv调参,B75,75,B,cutesv_10_10_500_0.5_500_0.3
cutesv调参,C75,75,C,500
cutesv调参,D75,75,D,0.5
cutesv调参,E75,75,E,500
cutesv调参,F75,75,F,0.3
cutesv调参,G75,75,G,0.9052
cutesv调参,H75,75,H,0.6775
cutesv调参,I75,75,I,0.775
cutesv调参,J75,75,J,0.772
cutesv调参,K75,75,K,0.6988
cutesv调参,L75,75,L,0.4498
cutesv调参,M75,75,M,0.5473
cutesv调参,N75,75,N,19052
cutesv调参,O75,75,O,16374
cutesv调参,P75,75,P,1715
cutesv调参,Q75,75,Q,9068
cutesv调参,R75,75,R,12641
cutesv调参,S75,75,S,3733
cutesv调参,T75,75,T,12647
cutesv调参,U75,75,U,6405
cutesv调参,V75,75,V,22948
cutesv调参,W75,75,W,17042
cutesv调参,X75,75,X,1047
cutesv调参,Y75,75,Y,5172
cutesv调参,Z75,75,Z,0.9421
cutesv调参,AA75,75,AA,0.8161
cutesv调参,AB75,75,AB,0.8746
cutesv调参,B76,76,B,cutesv_10_10_500_0.5_500_0.5
cutesv调参,C76,76,C,500
cutesv调参,D76,76,D,0.5
cutesv调参,E76,76,E,500
cutesv调参,F76,76,F,0.5
cutesv调参,G76,76,G,0.8592
cutesv调参,H76,76,H,0.6687
cutesv调参,I76,76,I,0.7521
cutesv调参,J76,76,J,0.7609
cutesv调参,K76,76,K,0.6538
cutesv调参,L76,76,L,0.4354
cutesv调参,M76,76,M,0.5227
cutesv调参,N76,76,N,18803
cutesv调参,O76,76,O,16080
cutesv调参,P76,76,P,2634
cutesv调参,Q76,76,Q,9316
cutesv调参,R76,76,R,12236
cutesv调参,S76,76,S,3844
cutesv调参,T76,76,T,12244
cutesv调参,U76,76,U,6559
cutesv调参,V76,76,V,22723
cutesv调参,W76,76,W,16793
cutesv调参,X76,76,X,1921
cutesv调参,Y76,76,Y,5396
cutesv调参,Z76,76,Z,0.8973
cutesv调参,AA76,76,AA,0.8081
cutesv调参,AB76,76,AB,0.8504
cutesv调参,B77,77,B,cutesv_10_10_500_0.5_500_0.9
cutesv调参,C77,77,C,500
cutesv调参,D77,77,D,0.5
cutesv调参,E77,77,E,500
cutesv调参,F77,77,F,0.9
cutesv调参,G77,77,G,0.7678
cutesv调参,H77,77,H,0.6579
cutesv调参,I77,77,I,0.7086
cutesv调参,J77,77,J,0.751
cutesv调参,K77,77,K,0.5766
cutesv调参,L77,77,L,0.4214
cutesv调参,M77,77,M,0.4869
cutesv调参,N77,77,N,18500
cutesv调参,O77,77,O,15764
cutesv调参,P77,77,P,4767
cutesv调参,Q77,77,Q,9619
cutesv调参,R77,77,R,11839
cutesv调参,S77,77,S,3925
cutesv调参,T77,77,T,11848
cutesv调参,U77,77,U,6652
cutesv调参,V77,77,V,22552
cutesv调参,W77,77,W,16630
cutesv调参,X77,77,X,3901
cutesv调参,Y77,77,Y,5567
cutesv调参,Z77,77,Z,0.81
cutesv调参,AA77,77,AA,0.802
cutesv调参,AB77,77,AB,0.806
cutesv调参,B78,78,B,cutesv_10_10_500_0.5_1000_0.3
cutesv调参,C78,78,C,500
cutesv调参,D78,78,D,0.5
cutesv调参,E78,78,E,1000
cutesv调参,F78,78,F,0.3
cutesv调参,G78,78,G,0.8427
cutesv调参,H78,78,H,0.6267
cutesv调参,I78,78,I,0.7188
cutesv调参,J78,78,J,0.759
cutesv调参,K78,78,K,0.6397
cutesv调参,L78,78,L,0.4065
cutesv调参,M78,78,M,0.4971
cutesv调参,N78,78,N,17620
cutesv调参,O78,78,O,15047
cutesv调参,P78,78,P,2808
cutesv调参,Q78,78,Q,10495
cutesv调参,R78,78,R,11421
cutesv调参,S78,78,S,3626
cutesv调参,T78,78,T,11428
cutesv调参,U78,78,U,6192
cutesv调参,V78,78,V,21731
cutesv调参,W78,78,W,15784
cutesv调参,X78,78,X,2071
cutesv调参,Y78,78,Y,6384
cutesv调参,Z78,78,Z,0.884
cutesv调参,AA78,78,AA,0.7729
cutesv调参,AB78,78,AB,0.8247
cutesv调参,B79,79,B,cutesv_10_10_500_0.5_1000_0.5
cutesv调参,C79,79,C,500
cutesv调参,D79,79,D,0.5
cutesv调参,E79,79,E,1000
cutesv调参,F79,79,F,0.5
cutesv调参,G79,79,G,0.7612
cutesv调参,H79,79,H,0.6078
cutesv调参,I79,79,I,0.6759
cutesv调参,J79,79,J,0.7446
cutesv调参,K79,79,K,0.5668
cutesv调参,L79,79,L,0.3844
cutesv调参,M79,79,M,0.4581
cutesv调参,N79,79,N,17087
cutesv调参,O79,79,O,14507
cutesv调参,P79,79,P,4551
cutesv调参,Q79,79,Q,11028
cutesv调参,R79,79,R,10802
cutesv调参,S79,79,S,3705
cutesv调参,T79,79,T,10808
cutesv调参,U79,79,U,6279
cutesv调参,V79,79,V,21264
cutesv调参,W79,79,W,15332
cutesv调参,X79,79,X,3726
cutesv调参,Y79,79,Y,6851
cutesv调参,Z79,79,Z,0.8045
cutesv调参,AA79,79,AA,0.7563
cutesv调参,AB79,79,AB,0.7797
cutesv调参,B80,80,B,cutesv_10_10_500_0.5_1000_0.9
cutesv调参,C80,80,C,500
cutesv调参,D80,80,D,0.5
cutesv调参,E80,80,E,1000
cutesv调参,F80,80,F,0.9
cutesv调参,G80,80,G,0.6189
cutesv调参,H80,80,H,0.5861
cutesv调参,I80,80,I,0.602
cutesv调参,J80,80,J,0.7276
cutesv调参,K80,80,K,0.4503
cutesv调参,L80,80,L,0.36
cutesv调参,M80,80,M,0.4001
cutesv调参,N80,80,N,16478
cutesv调参,O80,80,O,13898
cutesv调参,P80,80,P,8558
cutesv调参,Q80,80,Q,11637
cutesv调参,R80,80,R,10112
cutesv调参,S80,80,S,3786
cutesv调参,T80,80,T,10120
cutesv调参,U80,80,U,6358
cutesv调参,V80,80,V,20757
cutesv调参,W80,80,W,14906
cutesv调参,X80,80,X,7550
cutesv调参,Y80,80,Y,7358
cutesv调参,Z80,80,Z,0.6638
cutesv调参,AA80,80,AA,0.7383
cutesv调参,AB80,80,AB,0.6991
cutesv调参,B81,81,B,cutesv_10_10_500_0.9_100_0.3
cutesv调参,C81,81,C,500
cutesv调参,D81,81,D,0.9
cutesv调参,E81,81,E,100
cutesv调参,F81,81,F,0.3
cutesv调参,G81,81,G,0.9163
cutesv调参,H81,81,H,0.6851
cutesv调参,I81,81,I,0.784
cutesv调参,J81,81,J,0.7647
cutesv调参,K81,81,K,0.7007
cutesv调参,L81,81,L,0.4507
cutesv调参,M81,81,M,0.5485
cutesv调参,N81,81,N,19267
cutesv调参,O81,81,O,16573
cutesv调参,P81,81,P,1514
cutesv调参,Q81,81,Q,8857
cutesv调参,R81,81,R,12673
cutesv调参,S81,81,S,3900
cutesv调参,T81,81,T,12675
cutesv调参,U81,81,U,6592
cutesv调参,V81,81,V,23094
cutesv调参,W81,81,W,17397
cutesv调参,X81,81,X,690
cutesv调参,Y81,81,Y,5030
cutesv调参,Z81,81,Z,0.9619
cutesv调参,AA81,81,AA,0.8211
cutesv调参,AB81,81,AB,0.8859
cutesv调参,B82,82,B,cutesv_10_10_500_0.9_100_0.5
cutesv调参,C82,82,C,500
cutesv调参,D82,82,D,0.9
cutesv调参,E82,82,E,100
cutesv调参,F82,82,F,0.5
cutesv调参,G82,82,G,0.911
cutesv调参,H82,82,H,0.6809
cutesv调参,I82,82,I,0.7793
cutesv调参,J82,82,J,0.7566
cutesv调参,K82,82,K,0.6893
cutesv调参,L82,82,L,0.4413
cutesv调参,M82,82,M,0.5381
cutesv调参,N82,82,N,19150
cutesv调参,O82,82,O,16401
cutesv调参,P82,82,P,1602
cutesv调参,Q82,82,Q,8975
cutesv调参,R82,82,R,12409
cutesv调参,S82,82,S,3992
cutesv调参,T82,82,T,12412
cutesv调参,U82,82,U,6738
cutesv调参,V82,82,V,23003
cutesv调参,W82,82,W,17269
cutesv调参,X82,82,X,734
cutesv调参,Y82,82,Y,5122
cutesv调参,Z82,82,Z,0.9592
cutesv调参,AA82,82,AA,0.8179
cutesv调参,AB82,82,AB,0.8829
cutesv调参,B83,83,B,cutesv_10_10_500_0.9_100_0.9
cutesv调参,C83,83,C,500
cutesv调参,D83,83,D,0.9
cutesv调参,E83,83,E,100
cutesv调参,F83,83,F,0.9
cutesv调参,G83,83,G,0.9034
cutesv调参,H83,83,H,0.6745
cutesv调参,I83,83,I,0.7723
cutesv调参,J83,83,J,0.7501
cutesv调参,K83,83,K,0.6776
cutesv调参,L83,83,L,0.4323
cutesv调参,M83,83,M,0.5279
cutesv调参,N83,83,N,18970
cutesv调参,O83,83,O,16204
cutesv调参,P83,83,P,1733
cutesv调参,Q83,83,Q,9155
cutesv调参,R83,83,R,12155
cutesv调参,S83,83,S,4049
cutesv调参,T83,83,T,12159
cutesv调参,U83,83,U,6811
cutesv调参,V83,83,V,22813
cutesv调参,W83,83,W,17128
cutesv调参,X83,83,X,809
cutesv调参,Y83,83,Y,5312
cutesv调参,Z83,83,Z,0.9549
cutesv调参,AA83,83,AA,0.8111
cutesv调参,AB83,83,AB,0.8772
cutesv调参,B84,84,B,cutesv_10_10_500_0.9_500_0.3
cutesv调参,C84,84,C,500
cutesv调参,D84,84,D,0.9
cutesv调参,E84,84,E,500
cutesv调参,F84,84,F,0.3
cutesv调参,G84,84,G,0.8961
cutesv调参,H84,84,H,0.6621
cutesv调参,I84,84,I,0.7615
cutesv调参,J84,84,J,0.7567
cutesv调参,K84,84,K,0.678
cutesv调参,L84,84,L,0.4284
cutesv调参,M84,84,M,0.5251
cutesv调参,N84,84,N,18619
cutesv调参,O84,84,O,15914
cutesv调参,P84,84,P,1846
cutesv调参,Q84,84,Q,9501
cutesv调参,R84,84,R,12042
cutesv调参,S84,84,S,3872
cutesv调参,T84,84,T,12048
cutesv调参,U84,84,U,6571
cutesv调参,V84,84,V,22669
cutesv调参,W84,84,W,16621
cutesv调参,X84,84,X,1139
cutesv调参,Y84,84,Y,5451
cutesv调参,Z84,84,Z,0.9359
cutesv调参,AA84,84,AA,0.8062
cutesv调参,AB84,84,AB,0.8662
cutesv调参,B85,85,B,cutesv_10_10_500_0.9_500_0.5
cutesv调参,C85,85,C,500
cutesv调参,D85,85,D,0.9
cutesv调参,E85,85,E,500
cutesv调参,F85,85,F,0.5
cutesv调参,G85,85,G,0.8496
cutesv调参,H85,85,H,0.6533
cutesv调参,I85,85,I,0.7386
cutesv调参,J85,85,J,0.745
cutesv调参,K85,85,K,0.633
cutesv调参,L85,85,L,0.4141
cutesv调参,M85,85,M,0.5007
cutesv调参,N85,85,N,18370
cutesv调参,O85,85,O,15620
cutesv调参,P85,85,P,2765
cutesv调参,Q85,85,Q,9749
cutesv调参,R85,85,R,11637
cutesv调参,S85,85,S,3983
cutesv调参,T85,85,T,11645
cutesv调参,U85,85,U,6725
cutesv调参,V85,85,V,22433
cutesv调参,W85,85,W,16369
cutesv调参,X85,85,X,2016
cutesv调参,Y85,85,Y,5686
cutesv调参,Z85,85,Z,0.8903
cutesv调参,AA85,85,AA,0.7978
cutesv调参,AB85,85,AB,0.8415
cutesv调参,B86,86,B,cutesv_10_10_500_0.9_500_0.9
cutesv调参,C86,86,C,500
cutesv调参,D86,86,D,0.9
cutesv调参,E86,86,E,500
cutesv调参,F86,86,F,0.9
cutesv调参,G86,86,G,0.7575
cutesv调参,H86,86,H,0.6425
cutesv调参,I86,86,I,0.6953
cutesv调参,J86,86,J,0.7344
cutesv调参,K86,86,K,0.5564
cutesv调参,L86,86,L,0.4
cutesv调参,M86,86,M,0.4654
cutesv调参,N86,86,N,18067
cutesv调参,O86,86,O,15304
cutesv调参,P86,86,P,4898
cutesv调参,Q86,86,Q,10052
cutesv调参,R86,86,R,11240
cutesv调参,S86,86,S,4064
cutesv调参,T86,86,T,11249
cutesv调参,U86,86,U,6818
cutesv调参,V86,86,V,22250
cutesv调参,W86,86,W,16205
cutesv调参,X86,86,X,3997
cutesv调参,Y86,86,Y,5869
cutesv调参,Z86,86,Z,0.8021
cutesv调参,AA86,86,AA,0.7913
cutesv调参,AB86,86,AB,0.7967
cutesv调参,B87,87,B,cutesv_10_10_500_0.9_1000_0.3
cutesv调参,C87,87,C,500
cutesv调参,D87,87,D,0.9
cutesv调参,E87,87,E,1000
cutesv调参,F87,87,F,0.3
cutesv调参,G87,87,G,0.8323
cutesv调参,H87,87,H,0.6113
cutesv调参,I87,87,I,0.7049
cutesv调参,J87,87,J,0.7419
cutesv调参,K87,87,K,0.6175
cutesv调参,L87,87,L,0.3852
cutesv调参,M87,87,M,0.4744
cutesv调参,N87,87,N,17187
cutesv调参,O87,87,O,14587
cutesv调参,P87,87,P,2939
cutesv调参,Q87,87,Q,10928
cutesv调参,R87,87,R,10822
cutesv调参,S87,87,S,3765
cutesv调参,T87,87,T,10829
cutesv调参,U87,87,U,6358
cutesv调参,V87,87,V,21479
cutesv调参,W87,87,W,15360
cutesv调参,X87,87,X,2166
cutesv调参,Y87,87,Y,6636
cutesv调参,Z87,87,Z,0.8764
cutesv调参,AA87,87,AA,0.764
cutesv调参,AB87,87,AB,0.8163
cutesv调参,B88,88,B,cutesv_10_10_500_0.9_1000_0.5
cutesv调参,C88,88,C,500
cutesv调参,D88,88,D,0.9
cutesv调参,E88,88,E,1000
cutesv调参,F88,88,F,0.5
cutesv调参,G88,88,G,0.75
cutesv调参,H88,88,H,0.5924
cutesv调参,I88,88,I,0.6619
cutesv调参,J88,88,J,0.7263
cutesv调参,K88,88,K,0.5448
cutesv调参,L88,88,L,0.3631
cutesv调参,M88,88,M,0.4358
cutesv调参,N88,88,N,16654
cutesv调参,O88,88,O,14047
cutesv调参,P88,88,P,4682
cutesv调参,Q88,88,Q,11461
cutesv调参,R88,88,R,10203
cutesv调参,S88,88,S,3844
cutesv调参,T88,88,T,10209
cutesv调参,U88,88,U,6445
cutesv调参,V88,88,V,20974
cutesv调参,W88,88,W,14899
cutesv调参,X88,88,X,3830
cutesv调参,Y88,88,Y,7141
cutesv调参,Z88,88,Z,0.7955
cutesv调参,AA88,88,AA,0.746
cutesv调参,AB88,88,AB,0.77
cutesv调参,B89,89,B,cutesv_10_10_500_0.9_1000_0.9
cutesv调参,C89,89,C,500
cutesv调参,D89,89,D,0.9
cutesv调参,E89,89,E,1000
cutesv调参,F89,89,F,0.9
cutesv调参,G89,89,G,0.6073
cutesv调参,H89,89,H,0.5707
cutesv调参,I89,89,I,0.5884
cutesv调参,J89,89,J,0.7079
cutesv调参,K89,89,K,0.4299
cutesv调参,L89,89,L,0.3386
cutesv调参,M89,89,M,0.3789
cutesv调参,N89,89,N,16045
cutesv调参,O89,89,O,13438
cutesv调参,P89,89,P,8689
cutesv调参,Q89,89,Q,12070
cutesv调参,R89,89,R,9513
cutesv调参,S89,89,S,3925
cutesv调参,T89,89,T,9521
cutesv调参,U89,89,U,6524
cutesv调参,V89,89,V,20434
cutesv调参,W89,89,W,14467
cutesv调参,X89,89,X,7660
cutesv调参,Y89,89,Y,7681
cutesv调参,Z89,89,Z,0.6538
cutesv调参,AA89,89,AA,0.7268
cutesv调参,AB89,89,AB,0.6884
cutesv调参,B90,90,B,cutesv_10_10_1000_0.3_100_0.3
cutesv调参,C90,90,C,1000
cutesv调参,D90,90,D,0.3
cutesv调参,E90,90,E,100
cutesv调参,F90,90,F,0.3
cutesv调参,G90,90,G,0.9288
cutesv调参,H90,90,H,0.7072
cutesv调参,I90,90,I,0.803
cutesv调参,J90,90,J,0.7945
cutesv调参,K90,90,K,0.7379
cutesv调参,L90,90,L,0.4897
cutesv调参,M90,90,M,0.5887
cutesv调参,N90,90,N,19890
cutesv调参,O90,90,O,17329
cutesv调参,P90,90,P,1329
cutesv调参,Q90,90,Q,8234
cutesv调参,R90,90,R,13768
cutesv调参,S90,90,S,3561
cutesv调参,T90,90,T,13771
cutesv调参,U90,90,U,6119
cutesv调参,V90,90,V,23499
cutesv调参,W90,90,W,18087
cutesv调参,X90,90,X,571
cutesv调参,Y90,90,Y,4625
cutesv调参,Z90,90,Z,0.9694
cutesv调参,AA90,90,AA,0.8355
cutesv调参,AB90,90,AB,0.8975
cutesv调参,B91,91,B,cutesv_10_10_1000_0.3_100_0.5
cutesv调参,C91,91,C,1000
cutesv调参,D91,91,D,0.3
cutesv调参,E91,91,E,100
cutesv调参,F91,91,F,0.5
cutesv调参,G91,91,G,0.9237
cutesv调参,H91,91,H,0.703
cutesv调参,I91,91,I,0.7984
cutesv调参,J91,91,J,0.7871
cutesv调参,K91,91,K,0.727
cutesv调参,L91,91,L,0.4803
cutesv调参,M91,91,M,0.5784
cutesv调参,N91,91,N,19773
cutesv调参,O91,91,O,17157
cutesv调参,P91,91,P,1417
cutesv调参,Q91,91,Q,8352
cutesv调参,R91,91,R,13504
cutesv调参,S91,91,S,3653
cutesv调参,T91,91,T,13508
cutesv调参,U91,91,U,6265
cutesv调参,V91,91,V,23400
cutesv调参,W91,91,W,17958
cutesv调参,X91,91,X,616
cutesv调参,Y91,91,Y,4725
cutesv调参,Z91,91,Z,0.9668
cutesv调参,AA91,91,AA,0.832
cutesv调参,AB91,91,AB,0.8944
cutesv调参,B92,92,B,cutesv_10_10_1000_0.3_100_0.9
cutesv调参,C92,92,C,1000
cutesv调参,D92,92,D,0.3
cutesv调参,E92,92,E,100
cutesv调参,F92,92,F,0.9
cutesv调参,G92,92,G,0.9164
cutesv调参,H92,92,H,0.6966
cutesv调参,I92,92,I,0.7915
cutesv调参,J92,92,J,0.7813
cutesv调参,K92,92,K,0.7159
cutesv调参,L92,92,L,0.4713
cutesv调参,M92,92,M,0.5684
cutesv调参,N92,92,N,19593
cutesv调参,O92,92,O,16960
cutesv调参,P92,92,P,1548
cutesv调参,Q92,92,Q,8532
cutesv调参,R92,92,R,13250
cutesv调参,S92,92,S,3710
cutesv调参,T92,92,T,13255
cutesv调参,U92,92,U,6338
cutesv调参,V92,92,V,23287
cutesv调参,W92,92,W,17823
cutesv调参,X92,92,X,685
cutesv调参,Y92,92,Y,4838
cutesv调参,Z92,92,Z,0.963
cutesv调参,AA92,92,AA,0.828
cutesv调参,AB92,92,AB,0.8904
cutesv调参,B93,93,B,cutesv_10_10_1000_0.3_500_0.3
cutesv调参,C93,93,C,1000
cutesv调参,D93,93,D,0.3
cutesv调参,E93,93,E,500
cutesv调参,F93,93,F,0.3
cutesv调参,G93,93,G,0.9094
cutesv调参,H93,93,H,0.6843
cutesv调参,I93,93,I,0.7809
cutesv调参,J93,93,J,0.7881
cutesv调参,K93,93,K,0.7167
cutesv调参,L93,93,L,0.4674
cutesv调参,M93,93,M,0.5658
cutesv调参,N93,93,N,19242
cutesv调参,O93,93,O,16670
cutesv调参,P93,93,P,1661
cutesv调参,Q93,93,Q,8878
cutesv调参,R93,93,R,13137
cutesv调参,S93,93,S,3533
cutesv调参,T93,93,T,13144
cutesv调参,U93,93,U,6098
cutesv调参,V93,93,V,23130
cutesv调参,W93,93,W,17314
cutesv调参,X93,93,X,1017
cutesv调参,Y93,93,Y,4990
cutesv调参,Z93,93,Z,0.9445
cutesv调参,AA93,93,AA,0.8225
cutesv调参,AB93,93,AB,0.8793
cutesv调参,B94,94,B,cutesv_10_10_1000_0.3_500_0.5
cutesv调参,C94,94,C,1000
cutesv调参,D94,94,D,0.3
cutesv调参,E94,94,E,500
cutesv调参,F94,94,F,0.5
cutesv调参,G94,94,G,0.8639
cutesv调参,H94,94,H,0.6755
cutesv调参,I94,94,I,0.7581
cutesv调参,J94,94,J,0.7775
cutesv调参,K94,94,K,0.6717
cutesv调参,L94,94,L,0.4531
cutesv调参,M94,94,M,0.5412
cutesv调参,N94,94,N,18993
cutesv调参,O94,94,O,16376
cutesv调参,P94,94,P,2580
cutesv调参,Q94,94,Q,9126
cutesv调参,R94,94,R,12732
cutesv调参,S94,94,S,3644
cutesv调参,T94,94,T,12741
cutesv调参,U94,94,U,6252
cutesv调参,V94,94,V,22869
cutesv调参,W94,94,W,17060
cutesv调参,X94,94,X,1896
cutesv调参,Y94,94,Y,5250
cutesv调参,Z94,94,Z,0.9
cutesv调参,AA94,94,AA,0.8133
cutesv调参,AB94,94,AB,0.8544
cutesv调参,B95,95,B,cutesv_10_10_1000_0.3_500_0.9
cutesv调参,C95,95,C,1000
cutesv调参,D95,95,D,0.3
cutesv调参,E95,95,E,500
cutesv调参,F95,95,F,0.9
cutesv调参,G95,95,G,0.7731
cutesv调参,H95,95,H,0.6647
cutesv调参,I95,95,I,0.7148
cutesv调参,J95,95,J,0.7681
cutesv调参,K95,95,K,0.5938
cutesv调参,L95,95,L,0.439
cutesv调参,M95,95,M,0.5048
cutesv调参,N95,95,N,18690
cutesv调参,O95,95,O,16060
cutesv调参,P95,95,P,4713
cutesv调参,Q95,95,Q,9429
cutesv调参,R95,95,R,12335
cutesv调参,S95,95,S,3725
cutesv调参,T95,95,T,12345
cutesv调参,U95,95,U,6345
cutesv调参,V95,95,V,22720
cutesv调参,W95,95,W,16900
cutesv调参,X95,95,X,3873
cutesv调参,Y95,95,Y,5399
cutesv调参,Z95,95,Z,0.8136
cutesv调参,AA95,95,AA,0.808
cutesv调参,AB95,95,AB,0.8108
cutesv调参,B96,96,B,cutesv_10_10_1000_0.3_1000_0.3
cutesv调参,C96,96,C,1000
cutesv调参,D96,96,D,0.3
cutesv调参,E96,96,E,1000
cutesv调参,F96,96,F,0.3
cutesv调参,G96,96,G,0.8478
cutesv调参,H96,96,H,0.6335
cutesv调参,I96,96,I,0.7251
cutesv调参,J96,96,J,0.7767
cutesv调参,K96,96,K,0.6585
cutesv调参,L96,96,L,0.4242
cutesv调参,M96,96,M,0.516
cutesv调参,N96,96,N,17810
cutesv调参,O96,96,O,15343
cutesv调参,P96,96,P,2754
cutesv调参,Q96,96,Q,10305
cutesv调参,R96,96,R,11917
cutesv调参,S96,96,S,3426
cutesv调参,T96,96,T,11925
cutesv调参,U96,96,U,5885
cutesv调参,V96,96,V,21906
cutesv调参,W96,96,W,16063
cutesv调参,X96,96,X,2034
cutesv调参,Y96,96,Y,6209
cutesv调参,Z96,96,Z,0.8876
cutesv调参,AA96,96,AA,0.7792
cutesv调参,AB96,96,AB,0.8299
cutesv调参,B97,97,B,cutesv_10_10_1000_0.3_1000_0.5
cutesv调参,C97,97,C,1000
cutesv调参,D97,97,D,0.3
cutesv调参,E97,97,E,1000
cutesv调参,F97,97,F,0.5
cutesv调参,G97,97,G,0.767
cutesv调参,H97,97,H,0.6145
cutesv调参,I97,97,I,0.6823
cutesv调参,J97,97,J,0.7632
cutesv调参,K97,97,K,0.5854
cutesv调参,L97,97,L,0.4021
cutesv调参,M97,97,M,0.4767
cutesv调参,N97,97,N,17277
cutesv调参,O97,97,O,14803
cutesv调参,P97,97,P,4497
cutesv调参,Q97,97,Q,10838
cutesv调参,R97,97,R,11298
cutesv调参,S97,97,S,3505
cutesv调参,T97,97,T,11305
cutesv调参,U97,97,U,5972
cutesv调参,V97,97,V,21412
cutesv调参,W97,97,W,15608
cutesv调参,X97,97,X,3692
cutesv调参,Y97,97,Y,6703
cutesv调参,Z97,97,Z,0.8087
cutesv调参,AA97,97,AA,0.7616
cutesv调参,AB97,97,AB,0.7844
cutesv调参,B98,98,B,cutesv_10_10_1000_0.3_1000_0.9
cutesv调参,C98,98,C,1000
cutesv调参,D98,98,D,0.3
cutesv调参,E98,98,E,1000
cutesv调参,F98,98,F,0.9
cutesv调参,G98,98,G,0.6253
cutesv调参,H98,98,H,0.5929
cutesv调参,I98,98,I,0.6087
cutesv调参,J98,98,J,0.7474
cutesv调参,K98,98,K,0.4674
cutesv调参,L98,98,L,0.3776
cutesv调参,M98,98,M,0.4177
cutesv调参,N98,98,N,16668
cutesv调参,O98,98,O,14194
cutesv调参,P98,98,P,8504
cutesv调参,Q98,98,Q,11447
cutesv调参,R98,98,R,10608
cutesv调参,S98,98,S,3586
cutesv调参,T98,98,T,10617
cutesv调参,U98,98,U,6051
cutesv调参,V98,98,V,20942
cutesv调参,W98,98,W,15195
cutesv调参,X98,98,X,7503
cutesv调参,Y98,98,Y,7173
cutesv调参,Z98,98,Z,0.6694
cutesv调参,AA98,98,AA,0.7449
cutesv调参,AB98,98,AB,0.7051
cutesv调参,B99,99,B,cutesv_10_10_1000_0.5_100_0.3
cutesv调参,C99,99,C,1000
cutesv调参,D99,99,D,0.5
cutesv调参,E99,99,E,100
cutesv调参,F99,99,F,0.3
cutesv调参,G99,99,G,0.9242
cutesv调参,H99,99,H,0.6969
cutesv调参,I99,99,I,0.7946
cutesv调参,J99,99,J,0.7785
cutesv调参,K99,99,K,0.7195
cutesv调参,L99,99,L,0.4692
cutesv调参,M99,99,M,0.568
cutesv调参,N99,99,N,19600
cutesv调参,O99,99,O,16947
cutesv调参,P99,99,P,1390
cutesv调参,Q99,99,Q,8524
cutesv调参,R99,99,R,13193
cutesv调参,S99,99,S,3754
cutesv调参,T99,99,T,13196
cutesv调参,U99,99,U,6404
cutesv调参,V99,99,V,23386
cutesv调参,W99,99,W,17742
cutesv调参,X99,99,X,595
cutesv调参,Y99,99,Y,4738
cutesv调参,Z99,99,Z,0.9676
cutesv调参,AA99,99,AA,0.8315
cutesv调参,AB99,99,AB,0.8944
cutesv调参,B100,100,B,cutesv_10_10_1000_0.5_100_0.5
cutesv调参,C100,100,C,1000
cutesv调参,D100,100,D,0.5
cutesv调参,E100,100,E,100
cutesv调参,F100,100,F,0.5
cutesv调参,G100,100,G,0.919
cutesv调参,H100,100,H,0.6927
cutesv调参,I100,100,I,0.79
cutesv调参,J100,100,J,0.7707
cutesv调参,K100,100,K,0.7083
cutesv调参,L100,100,L,0.4598
cutesv调参,M100,100,M,0.5577
cutesv调参,N100,100,N,19483
cutesv调参,O100,100,O,16775
cutesv调参,P100,100,P,1478
cutesv调参,Q100,100,Q,8642
cutesv调参,R100,100,R,12929
cutesv调参,S100,100,S,3846
cutesv调参,T100,100,T,12933
cutesv调参,U100,100,U,6550
cutesv调参,V100,100,V,23250
cutesv调参,W100,100,W,17607
cutesv调参,X100,100,X,646
cutesv调参,Y100,100,Y,4875
cutesv调参,Z100,100,Z,0.9646
cutesv调参,AA100,100,AA,0.8267
cutesv调参,AB100,100,AB,0.8903
cutesv调参,B101,101,B,cutesv_10_10_1000_0.5_100_0.9
cutesv调参,C101,101,C,1000
cutesv调参,D101,101,D,0.5
cutesv调参,E101,101,E,100
cutesv调参,F101,101,F,0.9
cutesv调参,G101,101,G,0.9115
cutesv调参,H101,101,H,0.6863
cutesv调参,I101,101,I,0.7831
cutesv调参,J101,101,J,0.7646
cutesv调参,K101,101,K,0.6969
cutesv调参,L101,101,L,0.4508
cutesv调参,M101,101,M,0.5475
cutesv调参,N101,101,N,19303
cutesv调参,O101,101,O,16578
cutesv调参,P101,101,P,1609
cutesv调参,Q101,101,Q,8822
cutesv调参,R101,101,R,12675
cutesv调参,S101,101,S,3903
cutesv调参,T101,101,T,12680
cutesv调参,U101,101,U,6623
cutesv调参,V101,101,V,23097
cutesv调参,W101,101,W,17463
cutesv调参,X101,101,X,724
cutesv调参,Y101,101,Y,5028
cutesv调参,Z101,101,Z,0.9602
cutesv调参,AA101,101,AA,0.8212
cutesv调参,AB101,101,AB,0.8853
cutesv调参,B102,102,B,cutesv_10_10_1000_0.5_500_0.3
cutesv调参,C102,102,C,1000
cutesv调参,D102,102,D,0.5
cutesv调参,E102,102,E,500
cutesv调参,F102,102,F,0.3
cutesv调参,G102,102,G,0.9044
cutesv调参,H102,102,H,0.674
cutesv调参,I102,102,I,0.7724
cutesv调参,J102,102,J,0.7712
cutesv调参,K102,102,K,0.6975
cutesv调参,L102,102,L,0.447
cutesv调参,M102,102,M,0.5448
cutesv调参,N102,102,N,18952
cutesv调参,O102,102,O,16288
cutesv调参,P102,102,P,1722
cutesv调参,Q102,102,Q,9168
cutesv调参,R102,102,R,12562
cutesv调参,S102,102,S,3726
cutesv调参,T102,102,T,12569
cutesv调参,U102,102,U,6383
cutesv调参,V102,102,V,22950
cutesv调参,W102,102,W,16962
cutesv调参,X102,102,X,1048
cutesv调参,Y102,102,Y,5170
cutesv调参,Z102,102,Z,0.9418
cutesv调参,AA102,102,AA,0.8161
cutesv调参,AB102,102,AB,0.8745
cutesv调参,B103,103,B,cutesv_10_10_1000_0.5_500_0.5
cutesv调参,C103,103,C,1000
cutesv调参,D103,103,D,0.5
cutesv调参,E103,103,E,500
cutesv调参,F103,103,F,0.5
cutesv调参,G103,103,G,0.8583
cutesv调参,H103,103,H,0.6651
cutesv调参,I103,103,I,0.7495
cutesv调参,J103,103,J,0.7601
cutesv调参,K103,103,K,0.6524
cutesv调参,L103,103,L,0.4327
cutesv调参,M103,103,M,0.5203
cutesv调参,N103,103,N,18703
cutesv调参,O103,103,O,15994
cutesv调参,P103,103,P,2641
cutesv调参,Q103,103,Q,9416
cutesv调参,R103,103,R,12157
cutesv调参,S103,103,S,3837
cutesv调参,T103,103,T,12166
cutesv调参,U103,103,U,6537
cutesv调参,V103,103,V,22681
cutesv调参,W103,103,W,16708
cutesv调参,X103,103,X,1927
cutesv调参,Y103,103,Y,5438
cutesv调参,Z103,103,Z,0.8966
cutesv调参,AA103,103,AA,0.8066
cutesv调参,AB103,103,AB,0.8492
cutesv调参,B104,104,B,cutesv_10_10_1000_0.5_500_0.9
cutesv调参,C104,104,C,1000
cutesv调参,D104,104,D,0.5
cutesv调参,E104,104,E,500
cutesv调参,F104,104,F,0.9
cutesv调参,G104,104,G,0.7666
cutesv调参,H104,104,H,0.6544
cutesv调参,I104,104,I,0.706
cutesv调参,J104,104,J,0.7501
cutesv调参,K104,104,K,0.575
cutesv调参,L104,104,L,0.4186
cutesv调参,M104,104,M,0.4845
cutesv调参,N104,104,N,18400
cutesv调参,O104,104,O,15678
cutesv调参,P104,104,P,4774
cutesv调参,Q104,104,Q,9719
cutesv调参,R104,104,R,11760
cutesv调参,S104,104,S,3918
cutesv调参,T104,104,T,11770
cutesv调参,U104,104,U,6630
cutesv调参,V104,104,V,22519
cutesv调参,W104,104,W,16543
cutesv调参,X104,104,X,3909
cutesv调参,Y104,104,Y,5600
cutesv调参,Z104,104,Z,0.8089
cutesv调参,AA104,104,AA,0.8008
cutesv调参,AB104,104,AB,0.8048
cutesv调参,B105,105,B,cutesv_10_10_1000_0.5_1000_0.3
cutesv调参,C105,105,C,1000
cutesv调参,D105,105,D,0.5
cutesv调参,E105,105,E,1000
cutesv调参,F105,105,F,0.3
cutesv调参,G105,105,G,0.8416
cutesv调参,H105,105,H,0.6232
cutesv调参,I105,105,I,0.7161
cutesv调参,J105,105,J,0.7581
cutesv调参,K105,105,K,0.6381
cutesv调参,L105,105,L,0.4037
cutesv调参,M105,105,M,0.4945
cutesv调参,N105,105,N,17520
cutesv调参,O105,105,O,14961
cutesv调参,P105,105,P,2815
cutesv调参,Q105,105,Q,10595
cutesv调参,R105,105,R,11342
cutesv调参,S105,105,S,3619
cutesv调参,T105,105,T,11350
cutesv调参,U105,105,U,6170
cutesv调参,V105,105,V,21735
cutesv调参,W105,105,W,15708
cutesv调参,X105,105,X,2068
cutesv调参,Y105,105,Y,6380
cutesv调参,Z105,105,Z,0.8837
cutesv调参,AA105,105,AA,0.7731
cutesv调参,AB105,105,AB,0.8247
cutesv调参,B106,106,B,cutesv_10_10_1000_0.5_1000_0.5
cutesv调参,C106,106,C,1000
cutesv调参,D106,106,D,0.5
cutesv调参,E106,106,E,1000
cutesv调参,F106,106,F,0.5
cutesv调参,G106,106,G,0.7598
cutesv调参,H106,106,H,0.6042
cutesv调参,I106,106,I,0.6731
cutesv调参,J106,106,J,0.7436
cutesv调参,K106,106,K,0.565
cutesv调参,L106,106,L,0.3816
cutesv调参,M106,106,M,0.4556
cutesv调参,N106,106,N,16987
cutesv调参,O106,106,O,14421
cutesv调参,P106,106,P,4558
cutesv调参,Q106,106,Q,11128
cutesv调参,R106,106,R,10723
cutesv调参,S106,106,S,3698
cutesv调参,T106,106,T,10730
cutesv调参,U106,106,U,6257
cutesv调参,V106,106,V,21230
cutesv调参,W106,106,W,15248
cutesv调参,X106,106,X,3731
cutesv调参,Y106,106,Y,6885
cutesv调参,Z106,106,Z,0.8034
cutesv调参,AA106,106,AA,0.7551
cutesv调参,AB106,106,AB,0.7785
cutesv调参,B107,107,B,cutesv_10_10_1000_0.5_1000_0.9
cutesv调参,C107,107,C,1000
cutesv调参,D107,107,D,0.5
cutesv调参,E107,107,E,1000
cutesv调参,F107,107,F,0.9
cutesv调参,G107,107,G,0.6172
cutesv调参,H107,107,H,0.5825
cutesv调参,I107,107,I,0.5994
cutesv调参,J107,107,J,0.7264
cutesv调参,K107,107,K,0.4484
cutesv调参,L107,107,L,0.3572
cutesv调参,M107,107,M,0.3976
cutesv调参,N107,107,N,16378
cutesv调参,O107,107,O,13812
cutesv调参,P107,107,P,8565
cutesv调参,Q107,107,Q,11737
cutesv调参,R107,107,R,10033
cutesv调参,S107,107,S,3779
cutesv调参,T107,107,T,10042
cutesv调参,U107,107,U,6336
cutesv调参,V107,107,V,20734
cutesv调参,W107,107,W,14823
cutesv调参,X107,107,X,7554
cutesv调参,Y107,107,Y,7381
cutesv调参,Z107,107,Z,0.6624
cutesv调参,AA107,107,AA,0.7375
cutesv调参,AB107,107,AB,0.6979
cutesv调参,B108,108,B,cutesv_10_10_1000_0.9_100_0.3
cutesv调参,C108,108,C,1000
cutesv调参,D108,108,D,0.9
cutesv调参,E108,108,E,100
cutesv调参,F108,108,F,0.3
cutesv调参,G108,108,G,0.9155
cutesv调参,H108,108,H,0.6808
cutesv调参,I108,108,I,0.7809
cutesv调参,J108,108,J,0.7642
cutesv调参,K108,108,K,0.6996
cutesv调参,L108,108,L,0.4476
cutesv调参,M108,108,M,0.5459
cutesv调参,N108,108,N,19148
cutesv调参,O108,108,O,16470
cutesv调参,P108,108,P,1521
cutesv调参,Q108,108,Q,8976
cutesv调参,R108,108,R,12586
cutesv调参,S108,108,S,3884
cutesv调参,T108,108,T,12589
cutesv调参,U108,108,U,6559
cutesv调参,V108,108,V,23074
cutesv调参,W108,108,W,17303
cutesv调参,X108,108,X,688
cutesv调参,Y108,108,Y,5050
cutesv调参,Z108,108,Z,0.9618
cutesv调参,AA108,108,AA,0.8204
cutesv调参,AB108,108,AB,0.8855
cutesv调参,B109,109,B,cutesv_10_10_1000_0.9_100_0.5
cutesv调参,C109,109,C,1000
cutesv调参,D109,109,D,0.9
cutesv调参,E109,109,E,100
cutesv调参,F109,109,F,0.5
cutesv调参,G109,109,G,0.9101
cutesv调参,H109,109,H,0.6767
cutesv调参,I109,109,I,0.7762
cutesv调参,J109,109,J,0.756
cutesv调参,K109,109,K,0.6881
cutesv调参,L109,109,L,0.4383
cutesv调参,M109,109,M,0.5355
cutesv调参,N109,109,N,19031
cutesv调参,O109,109,O,16298
cutesv调参,P109,109,P,1609
cutesv调参,Q109,109,Q,9094
cutesv调参,R109,109,R,12322
cutesv调参,S109,109,S,3976
cutesv调参,T109,109,T,12326
cutesv调参,U109,109,U,6705
cutesv调参,V109,109,V,22963
cutesv调参,W109,109,W,17173
cutesv调参,X109,109,X,734
cutesv调参,Y109,109,Y,5162
cutesv调参,Z109,109,Z,0.959
cutesv调参,AA109,109,AA,0.8165
cutesv调参,AB109,109,AB,0.882
cutesv调参,B110,110,B,cutesv_10_10_1000_0.9_100_0.9
cutesv调参,C110,110,C,1000
cutesv调参,D110,110,D,0.9
cutesv调参,E110,110,E,100
cutesv调参,F110,110,F,0.9
cutesv调参,G110,110,G,0.9025
cutesv调参,H110,110,H,0.6703
cutesv调参,I110,110,I,0.7692
cutesv调参,J110,110,J,0.7495
cutesv调参,K110,110,K,0.6764
cutesv调参,L110,110,L,0.4293
cutesv调参,M110,110,M,0.5252
cutesv调参,N110,110,N,18851
cutesv调参,O110,110,O,16101
cutesv调参,P110,110,P,1740
cutesv调参,Q110,110,Q,9274
cutesv调参,R110,110,R,12068
cutesv调参,S110,110,S,4033
cutesv调参,T110,110,T,12073
cutesv调参,U110,110,U,6778
cutesv调参,V110,110,V,22790
cutesv调参,W110,110,W,17028
cutesv调参,X110,110,X,813
cutesv调参,Y110,110,Y,5335
cutesv调参,Z110,110,Z,0.9544
cutesv调参,AA110,110,AA,0.8103
cutesv调参,AB110,110,AB,0.8765
cutesv调参,B111,111,B,cutesv_10_10_1000_0.9_500_0.3
cutesv调参,C111,111,C,1000
cutesv调参,D111,111,D,0.9
cutesv调参,E111,111,E,500
cutesv调参,F111,111,F,0.3
cutesv调参,G111,111,G,0.8951
cutesv调参,H111,111,H,0.6579
cutesv调参,I111,111,I,0.7584
cutesv调参,J111,111,J,0.7561
cutesv调参,K111,111,K,0.6768
cutesv调参,L111,111,L,0.4254
cutesv调参,M111,111,M,0.5224
cutesv调参,N111,111,N,18500
cutesv调参,O111,111,O,15811
cutesv调参,P111,111,P,1853
cutesv调参,Q111,111,Q,9620
cutesv调参,R111,111,R,11955
cutesv调参,S111,111,S,3856
cutesv调参,T111,111,T,11962
cutesv调参,U111,111,U,6538
cutesv调参,V111,111,V,22668
cutesv调参,W111,111,W,16526
cutesv调参,X111,111,X,1138
cutesv调参,Y111,111,Y,5452
cutesv调参,Z111,111,Z,0.9356
cutesv调参,AA111,111,AA,0.8061
cutesv调参,AB111,111,AB,0.866
cutesv调参,B112,112,B,cutesv_10_10_1000_0.9_500_0.5
cutesv调参,C112,112,C,1000
cutesv调参,D112,112,D,0.9
cutesv调参,E112,112,E,500
cutesv调参,F112,112,F,0.5
cutesv调参,G112,112,G,0.8484
cutesv调参,H112,112,H,0.6491
cutesv调参,I112,112,I,0.7355
cutesv调参,J112,112,J,0.7443
cutesv调参,K112,112,K,0.6315
cutesv调参,L112,112,L,0.4111
cutesv调参,M112,112,M,0.498
cutesv调参,N112,112,N,18251
cutesv调参,O112,112,O,15517
cutesv调参,P112,112,P,2772
cutesv调参,Q112,112,Q,9868
cutesv调参,R112,112,R,11550
cutesv调参,S112,112,S,3967
cutesv调参,T112,112,T,11559
cutesv调参,U112,112,U,6692
cutesv调参,V112,112,V,22400
cutesv调参,W112,112,W,16270
cutesv调参,X112,112,X,2019
cutesv调参,Y112,112,Y,5719
cutesv调参,Z112,112,Z,0.8896
cutesv调参,AA112,112,AA,0.7966
cutesv调参,AB112,112,AB,0.8405
cutesv调参,B113,113,B,cutesv_10_10_1000_0.9_500_0.9
cutesv调参,C113,113,C,1000
cutesv调参,D113,113,D,0.9
cutesv调参,E113,113,E,500
cutesv调参,F113,113,F,0.9
cutesv调参,G113,113,G,0.756
cutesv调参,H113,113,H,0.6383
cutesv调参,I113,113,I,0.6922
cutesv调参,J113,113,J,0.7337
cutesv调参,K113,113,K,0.5547
cutesv调参,L113,113,L,0.397
cutesv调参,M113,113,M,0.4628
cutesv调参,N113,113,N,17948
cutesv调参,O113,113,O,15201
cutesv调参,P113,113,P,4905
cutesv调参,Q113,113,Q,10171
cutesv调参,R113,113,R,11153
cutesv调参,S113,113,S,4048
cutesv调参,T113,113,T,11163
cutesv调参,U113,113,U,6785
cutesv调参,V113,113,V,22189
cutesv调参,W113,113,W,16097
cutesv调参,X113,113,X,4009
cutesv调参,Y113,113,Y,5930
cutesv调参,Z113,113,Z,0.8006
cutesv调参,AA113,113,AA,0.7891
cutesv调参,AB113,113,AB,0.7948
cutesv调参,B114,114,B,cutesv_10_10_1000_0.9_1000_0.3
cutesv调参,C114,114,C,1000
cutesv调参,D114,114,D,0.9
cutesv调参,E114,114,E,1000
cutesv调参,F114,114,F,0.3
cutesv调参,G114,114,G,0.831
cutesv调参,H114,114,H,0.6071
cutesv调参,I114,114,I,0.7016
cutesv调参,J114,114,J,0.7412
cutesv调参,K114,114,K,0.6159
cutesv调参,L114,114,L,0.3821
cutesv调参,M114,114,M,0.4716
cutesv调参,N114,114,N,17068
cutesv调参,O114,114,O,14484
cutesv调参,P114,114,P,2946
cutesv调参,Q114,114,Q,11047
cutesv调参,R114,114,R,10735
cutesv调参,S114,114,S,3749
cutesv调参,T114,114,T,10743
cutesv调参,U114,114,U,6325
cutesv调参,V114,114,V,21456
cutesv调参,W114,114,W,15272
cutesv调参,X114,114,X,2158
cutesv调参,Y114,114,Y,6659
cutesv调参,Z114,114,Z,0.8762
cutesv调参,AA114,114,AA,0.7632
cutesv调参,AB114,114,AB,0.8158
cutesv调参,B115,115,B,cutesv_10_10_1000_0.9_1000_0.5
cutesv调参,C115,115,C,1000
cutesv调参,D115,115,D,0.9
cutesv调参,E115,115,E,1000
cutesv调参,F115,115,F,0.5
cutesv调参,G115,115,G,0.7483
cutesv调参,H115,115,H,0.5881
cutesv调参,I115,115,I,0.6586
cutesv调参,J115,115,J,0.7255
cutesv调参,K115,115,K,0.5429
cutesv调参,L115,115,L,0.3601
cutesv调参,M115,115,M,0.433
cutesv调参,N115,115,N,16535
cutesv调参,O115,115,O,13944
cutesv调参,P115,115,P,4689
cutesv调参,Q115,115,Q,11580
cutesv调参,R115,115,R,10116
cutesv调参,S115,115,S,3828
cutesv调参,T115,115,T,10123
cutesv调参,U115,115,U,6412
cutesv调参,V115,115,V,20952
cutesv调参,W115,115,W,14806
cutesv调参,X115,115,X,3827
cutesv调参,Y115,115,Y,7163
cutesv调参,Z115,115,Z,0.7946
cutesv调参,AA115,115,AA,0.7452
cutesv调参,AB115,115,AB,0.7691
cutesv调参,B116,116,B,cutesv_10_10_1000_0.9_1000_0.9
cutesv调参,C116,116,C,1000
cutesv调参,D116,116,D,0.9
cutesv调参,E116,116,E,1000
cutesv调参,F116,116,F,0.9
cutesv调参,G116,116,G,0.6053
cutesv调参,H116,116,H,0.5665
cutesv调参,I116,116,I,0.5852
cutesv调参,J116,116,J,0.7069
cutesv调参,K116,116,K,0.4279
cutesv调参,L116,116,L,0.3356
cutesv调参,M116,116,M,0.3761
cutesv调参,N116,116,N,15926
cutesv调参,O116,116,O,13335
cutesv调参,P116,116,P,8696
cutesv调参,Q116,116,Q,12189
cutesv调参,R116,116,R,9426
cutesv调参,S116,116,S,3909
cutesv调参,T116,116,T,9435
cutesv调参,U116,116,U,6491
cutesv调参,V116,116,V,20386
cutesv调参,W116,116,W,14359
cutesv调参,X116,116,X,7672
cutesv调参,Y116,116,Y,7729
cutesv调参,Z116,116,Z,0.6518
cutesv调参,AA116,116,AA,0.7251
cutesv调参,AB116,116,AB,0.6865
cutesv调参,A117,117,A,cuteSV -l 50 -s 10 -q 20
cutesv调参,B117,117,B,cutesv_10_20_100_0.3_100_0.3
cutesv调参,C117,117,C,100
cutesv调参,D117,117,D,0.3
cutesv调参,E117,117,E,100
cutesv调参,F117,117,F,0.3
cutesv调参,G117,117,G,0.9266
cutesv调参,H117,117,H,0.7191
cutesv调参,I117,117,I,0.8098
cutesv调参,J117,117,J,0.7974
cutesv调参,K117,117,K,0.7389
cutesv调参,L117,117,L,0.5009
cutesv调参,M117,117,M,0.5971
cutesv调参,N117,117,N,20225
cutesv调参,O117,117,O,17668
cutesv调参,P117,117,P,1400
cutesv调参,Q117,117,Q,7901
cutesv调参,R117,117,R,14089
cutesv调参,S117,117,S,3579
cutesv调参,T117,117,T,14089
cutesv调参,U117,117,U,6136
cutesv调参,V117,117,V,23613
cutesv调参,W117,117,W,18500
cutesv调参,X117,117,X,568
cutesv调参,Y117,117,Y,4513
cutesv调参,Z117,117,Z,0.9702
cutesv调参,AA117,117,AA,0.8395
cutesv调参,AB117,117,AB,0.9002
cutesv调参,B118,118,B,cutesv_10_20_100_0.3_100_0.5
cutesv调参,C118,118,C,100
cutesv调参,D118,118,D,0.3
cutesv调参,E118,118,E,100
cutesv调参,F118,118,F,0.5
cutesv调参,G118,118,G,0.9217
cutesv调参,H118,118,H,0.7149
cutesv调参,I118,118,I,0.8052
cutesv调参,J118,118,J,0.7901
cutesv调参,K118,118,K,0.7282
cutesv调参,L118,118,L,0.4915
cutesv调参,M118,118,M,0.5869
cutesv调参,N118,118,N,20107
cutesv调参,O118,118,O,17495
cutesv调参,P118,118,P,1487
cutesv调参,Q118,118,Q,8020
cutesv调参,R118,118,R,13823
cutesv调参,S118,118,S,3672
cutesv调参,T118,118,T,13824
cutesv调参,U118,118,U,6283
cutesv调参,V118,118,V,23530
cutesv调参,W118,118,W,18368
cutesv调参,X118,118,X,614
cutesv调参,Y118,118,Y,4597
cutesv调参,Z118,118,Z,0.9677
cutesv调参,AA118,118,AA,0.8366
cutesv调参,AB118,118,AB,0.8973
cutesv调参,B119,119,B,cutesv_10_20_100_0.3_100_0.9
cutesv调参,C119,119,C,100
cutesv调参,D119,119,D,0.3
cutesv调参,E119,119,E,100
cutesv调参,F119,119,F,0.9
cutesv调参,G119,119,G,0.9145
cutesv调参,H119,119,H,0.7086
cutesv调参,I119,119,I,0.7985
cutesv调参,J119,119,J,0.7846
cutesv调参,K119,119,K,0.7176
cutesv调参,L119,119,L,0.4827
cutesv调参,M119,119,M,0.5772
cutesv调参,N119,119,N,19930
cutesv调参,O119,119,O,17302
cutesv调参,P119,119,P,1617
cutesv调参,Q119,119,Q,8197
cutesv调参,R119,119,R,13576
cutesv调参,S119,119,S,3726
cutesv调参,T119,119,T,13578
cutesv调参,U119,119,U,6352
cutesv调参,V119,119,V,23396
cutesv调参,W119,119,W,18244
cutesv调参,X119,119,X,675
cutesv调参,Y119,119,Y,4731
cutesv调参,Z119,119,Z,0.9643
cutesv调参,AA119,119,AA,0.8318
cutesv调参,AB119,119,AB,0.8932
cutesv调参,B120,120,B,cutesv_10_20_100_0.3_500_0.3
cutesv调参,C120,120,C,100
cutesv调参,D120,120,D,0.3
cutesv调参,E120,120,E,500
cutesv调参,F120,120,F,0.3
cutesv调参,G120,120,G,0.9074
cutesv调参,H120,120,H,0.6963
cutesv调参,I120,120,I,0.788
cutesv调参,J120,120,J,0.7915
cutesv调参,K120,120,K,0.7182
cutesv调参,L120,120,L,0.479
cutesv调参,M120,120,M,0.5747
cutesv调参,N120,120,N,19581
cutesv调参,O120,120,O,17016
cutesv调参,P120,120,P,1736
cutesv调参,Q120,120,Q,8541
cutesv调参,R120,120,R,13468
cutesv调参,S120,120,S,3548
cutesv调参,T120,120,T,13471
cutesv调参,U120,120,U,6110
cutesv调参,V120,120,V,23200
cutesv调参,W120,120,W,17744
cutesv调参,X120,120,X,1008
cutesv调参,Y120,120,Y,4922
cutesv调参,Z120,120,Z,0.9462
cutesv调参,AA120,120,AA,0.825
cutesv调参,AB120,120,AB,0.8815
cutesv调参,B121,121,B,cutesv_10_20_100_0.3_500_0.5
cutesv调参,C121,121,C,100
cutesv调参,D121,121,D,0.3
cutesv调参,E121,121,E,500
cutesv调参,F121,121,F,0.5
cutesv调参,G121,121,G,0.8633
cutesv调参,H121,121,H,0.6874
cutesv调参,I121,121,I,0.7654
cutesv调参,J121,121,J,0.7813
cutesv调参,K121,121,K,0.6745
cutesv调参,L121,121,L,0.4647
cutesv调参,M121,121,M,0.5503
cutesv调参,N121,121,N,19330
cutesv调参,O121,121,O,16721
cutesv调参,P121,121,P,2648
cutesv调参,Q121,121,Q,8791
cutesv调参,R121,121,R,13064
cutesv调参,S121,121,S,3657
cutesv调参,T121,121,T,13069
cutesv调参,U121,121,U,6261
cutesv调参,V121,121,V,22990
cutesv调参,W121,121,W,17492
cutesv调参,X121,121,X,1877
cutesv调参,Y121,121,Y,5131
cutesv调参,Z121,121,Z,0.9031
cutesv调参,AA121,121,AA,0.8175
cutesv调参,AB121,121,AB,0.8582
cutesv调参,B122,122,B,cutesv_10_20_100_0.3_500_0.9
cutesv调参,C122,122,C,100
cutesv调参,D122,122,D,0.3
cutesv调参,E122,122,E,500
cutesv调参,F122,122,F,0.9
cutesv调参,G122,122,G,0.7746
cutesv调参,H122,122,H,0.6767
cutesv调参,I122,122,I,0.7223
cutesv调参,J122,122,J,0.772
cutesv调参,K122,122,K,0.598
cutesv调参,L122,122,L,0.4506
cutesv调参,M122,122,M,0.5139
cutesv调参,N122,122,N,19029
cutesv调参,O122,122,O,16405
cutesv调参,P122,122,P,4774
cutesv调参,Q122,122,Q,9092
cutesv调参,R122,122,R,12665
cutesv调参,S122,122,S,3740
cutesv调参,T122,122,T,12671
cutesv调参,U122,122,U,6358
cutesv调参,V122,122,V,22848
cutesv调参,W122,122,W,17326
cutesv调参,X122,122,X,3853
cutesv调参,Y122,122,Y,5273
cutesv调参,Z122,122,Z,0.8181
cutesv调参,AA122,122,AA,0.8125
cutesv调参,AB122,122,AB,0.8153
cutesv调参,B123,123,B,cutesv_10_20_100_0.3_1000_0.3
cutesv调参,C123,123,C,100
cutesv调参,D123,123,D,0.3
cutesv调参,E123,123,E,1000
cutesv调参,F123,123,F,0.3
cutesv调参,G123,123,G,0.8475
cutesv调参,H123,123,H,0.6457
cutesv调参,I123,123,I,0.7329
cutesv调参,J123,123,J,0.7805
cutesv调参,K123,123,K,0.6615
cutesv调参,L123,123,L,0.4358
cutesv调参,M123,123,M,0.5254
cutesv调参,N123,123,N,18154
cutesv调参,O123,123,O,15692
cutesv调参,P123,123,P,2823
cutesv调参,Q123,123,Q,9963
cutesv调参,R123,123,R,12247
cutesv调参,S123,123,S,3445
cutesv调参,T123,123,T,12252
cutesv调参,U123,123,U,5902
cutesv调参,V123,123,V,21938
cutesv调参,W123,123,W,16498
cutesv调参,X123,123,X,2017
cutesv调参,Y123,123,Y,6179
cutesv调参,Z123,123,Z,0.8911
cutesv调参,AA123,123,AA,0.7802
cutesv调参,AB123,123,AB,0.832
cutesv调参,B124,124,B,cutesv_10_20_100_0.3_1000_0.5
cutesv调参,C124,124,C,100
cutesv调参,D124,124,D,0.3
cutesv调参,E124,124,E,1000
cutesv调参,F124,124,F,0.5
cutesv调参,G124,124,G,0.7687
cutesv调参,H124,124,H,0.6267
cutesv调参,I124,124,I,0.6905
cutesv调参,J124,124,J,0.7675
cutesv调参,K124,124,K,0.59
cutesv调参,L124,124,L,0.4138
cutesv调参,M124,124,M,0.4864
cutesv调参,N124,124,N,17622
cutesv调参,O124,124,O,15154
cutesv调参,P124,124,P,4560
cutesv调参,Q124,124,Q,10495
cutesv调参,R124,124,R,11631
cutesv调参,S124,124,S,3523
cutesv调参,T124,124,T,11635
cutesv调参,U124,124,U,5987
cutesv调参,V124,124,V,21506
cutesv调参,W124,124,W,16048
cutesv调参,X124,124,X,3666
cutesv调参,Y124,124,Y,6611
cutesv调参,Z124,124,Z,0.814
cutesv调参,AA124,124,AA,0.7649
cutesv调参,AB124,124,AB,0.7887
cutesv调参,B125,125,B,cutesv_10_20_100_0.3_1000_0.9
cutesv调参,C125,125,C,100
cutesv调参,D125,125,D,0.3
cutesv调参,E125,125,E,1000
cutesv调参,F125,125,F,0.9
cutesv调参,G125,125,G,0.6292
cutesv调参,H125,125,H,0.605
cutesv调参,I125,125,I,0.6169
cutesv调参,J125,125,J,0.7522
cutesv调参,K125,125,K,0.4733
cutesv调参,L125,125,L,0.3892
cutesv调参,M125,125,M,0.4272
cutesv调参,N125,125,N,17012
cutesv调参,O125,125,O,14543
cutesv调参,P125,125,P,8569
cutesv调参,Q125,125,Q,11105
cutesv调参,R125,125,R,10939
cutesv调参,S125,125,S,3604
cutesv调参,T125,125,T,10944
cutesv调参,U125,125,U,6068
cutesv调参,V125,125,V,21050
cutesv调参,W125,125,W,15625
cutesv调参,X125,125,X,7487
cutesv调参,Y125,125,Y,7067
cutesv调参,Z125,125,Z,0.6761
cutesv调参,AA125,125,AA,0.7487
cutesv调参,AB125,125,AB,0.7105
cutesv调参,B126,126,B,cutesv_10_20_100_0.5_100_0.3
cutesv调参,C126,126,C,100
cutesv调参,D126,126,D,0.5
cutesv调参,E126,126,E,100
cutesv调参,F126,126,F,0.3
cutesv调参,G126,126,G,0.9227
cutesv调参,H126,126,H,0.7114
cutesv调参,I126,126,I,0.8034
cutesv调参,J126,126,J,0.7812
cutesv调参,K126,126,K,0.7208
cutesv调参,L126,126,L,0.4814
cutesv调参,M126,126,M,0.5773
cutesv调参,N126,126,N,20008
cutesv调参,O126,126,O,17330
cutesv调参,P126,126,P,1452
cutesv调参,Q126,126,Q,8118
cutesv调参,R126,126,R,13539
cutesv调参,S126,126,S,3791
cutesv调参,T126,126,T,13541
cutesv调参,U126,126,U,6467
cutesv调参,V126,126,V,23478
cutesv调参,W126,126,W,18192
cutesv调参,X126,126,X,590
cutesv调参,Y126,126,Y,4648
cutesv调参,Z126,126,Z,0.9686
cutesv调参,AA126,126,AA,0.8347
cutesv调参,AB126,126,AB,0.8967
cutesv调参,B127,127,B,cutesv_10_20_100_0.5_100_0.5
cutesv调参,C127,127,C,100
cutesv调参,D127,127,D,0.5
cutesv调参,E127,127,E,100
cutesv调参,F127,127,F,0.5
cutesv调参,G127,127,G,0.9177
cutesv调参,H127,127,H,0.7071
cutesv调参,I127,127,I,0.7988
cutesv调参,J127,127,J,0.7736
cutesv调参,K127,127,K,0.7099
cutesv调参,L127,127,L,0.472
cutesv调参,M127,127,M,0.567
cutesv调参,N127,127,N,19890
cutesv调参,O127,127,O,17157
cutesv调参,P127,127,P,1539
cutesv调参,Q127,127,Q,8237
cutesv调参,R127,127,R,13273
cutesv调参,S127,127,S,3884
cutesv调参,T127,127,T,13276
cutesv调参,U127,127,U,6614
cutesv调参,V127,127,V,23373
cutesv调参,W127,127,W,18063
cutesv调参,X127,127,X,633
cutesv调参,Y127,127,Y,4754
cutesv调参,Z127,127,Z,0.9661
cutesv调参,AA127,127,AA,0.831
cutesv调参,AB127,127,AB,0.8935
cutesv调参,B128,128,B,cutesv_10_20_100_0.5_100_0.9
cutesv调参,C128,128,C,100
cutesv调参,D128,128,D,0.5
cutesv调参,E128,128,E,100
cutesv调参,F128,128,F,0.9
cutesv调参,G128,128,G,0.9104
cutesv调参,H128,128,H,0.7009
cutesv调参,I128,128,I,0.792
cutesv调参,J128,128,J,0.7679
cutesv调参,K128,128,K,0.6991
cutesv调参,L128,128,L,0.4633
cutesv调参,M128,128,M,0.5572
cutesv调参,N128,128,N,19713
cutesv调参,O128,128,O,16964
cutesv调参,P128,128,P,1669
cutesv调参,Q128,128,Q,8414
cutesv调参,R128,128,R,13026
cutesv调参,S128,128,S,3938
cutesv调参,T128,128,T,13030
cutesv调参,U128,128,U,6683
cutesv调参,V128,128,V,23270
cutesv调参,W128,128,W,17929
cutesv调参,X128,128,X,704
cutesv调参,Y128,128,Y,4857
cutesv调参,Z128,128,Z,0.9622
cutesv调参,AA128,128,AA,0.8273
cutesv调参,AB128,128,AB,0.8897
cutesv调参,B129,129,B,cutesv_10_20_100_0.5_500_0.3
cutesv调参,C129,129,C,100
cutesv调参,D129,129,D,0.5
cutesv调参,E129,129,E,500
cutesv调参,F129,129,F,0.3
cutesv调参,G129,129,G,0.9032
cutesv调参,H129,129,H,0.6886
cutesv调参,I129,129,I,0.7814
cutesv调参,J129,129,J,0.7746
cutesv调参,K129,129,K,0.6996
cutesv调参,L129,129,L,0.4595
cutesv调参,M129,129,M,0.5547
cutesv调参,N129,129,N,19364
cutesv调参,O129,129,O,16678
cutesv调参,P129,129,P,1788
cutesv调参,Q129,129,Q,8758
cutesv调参,R129,129,R,12918
cutesv调参,S129,129,S,3760
cutesv调参,T129,129,T,12923
cutesv调参,U129,129,U,6441
cutesv调参,V129,129,V,23053
cutesv调参,W129,129,W,17427
cutesv调参,X129,129,X,1039
cutesv调参,Y129,129,Y,5069
cutesv调参,Z129,129,Z,0.9437
cutesv调参,AA129,129,AA,0.8197
cutesv调参,AB129,129,AB,0.8774
cutesv调参,B130,130,B,cutesv_10_20_100_0.5_500_0.5
cutesv调参,C130,130,C,100
cutesv调参,D130,130,D,0.5
cutesv调参,E130,130,E,500
cutesv调参,F130,130,F,0.5
cutesv调参,G130,130,G,0.8585
cutesv调参,H130,130,H,0.6797
cutesv调参,I130,130,I,0.7587
cutesv调参,J130,130,J,0.7638
cutesv调参,K130,130,K,0.6558
cutesv调参,L130,130,L,0.4453
cutesv调参,M130,130,M,0.5304
cutesv调参,N130,130,N,19113
cutesv调参,O130,130,O,16383
cutesv调参,P130,130,P,2700
cutesv调参,Q130,130,Q,9008
cutesv调参,R130,130,R,12514
cutesv调参,S130,130,S,3869
cutesv调参,T130,130,T,12521
cutesv调参,U130,130,U,6592
cutesv调参,V130,130,V,22818
cutesv调参,W130,130,W,17185
cutesv调参,X130,130,X,1898
cutesv调参,Y130,130,Y,5303
cutesv调参,Z130,130,Z,0.9005
cutesv调参,AA130,130,AA,0.8114
cutesv调参,AB130,130,AB,0.8537
cutesv调参,B131,131,B,cutesv_10_20_100_0.5_500_0.9
cutesv调参,C131,131,C,100
cutesv调参,D131,131,D,0.5
cutesv调参,E131,131,E,500
cutesv调参,F131,131,F,0.9
cutesv调参,G131,131,G,0.769
cutesv调参,H131,131,H,0.669
cutesv调参,I131,131,I,0.7155
cutesv调参,J131,131,J,0.754
cutesv调参,K131,131,K,0.5799
cutesv调参,L131,131,L,0.4311
cutesv调参,M131,131,M,0.4945
cutesv调参,N131,131,N,18812
cutesv调参,O131,131,O,16067
cutesv调参,P131,131,P,4826
cutesv调参,Q131,131,Q,9309
cutesv调参,R131,131,R,12115
cutesv调参,S131,131,S,3952
cutesv调参,T131,131,T,12123
cutesv调参,U131,131,U,6689
cutesv调参,V131,131,V,22670
cutesv调参,W131,131,W,17010
cutesv调参,X131,131,X,3883
cutesv调参,Y131,131,Y,5451
cutesv调参,Z131,131,Z,0.8141
cutesv调参,AA131,131,AA,0.8062
cutesv调参,AB131,131,AB,0.8101
cutesv调参,B132,132,B,cutesv_10_20_100_0.5_1000_0.3
cutesv调参,C132,132,C,100
cutesv调参,D132,132,D,0.5
cutesv调参,E132,132,E,1000
cutesv调参,F132,132,F,0.3
cutesv调参,G132,132,G,0.8423
cutesv调参,H132,132,H,0.6379
cutesv调参,I132,132,I,0.726
cutesv调参,J132,132,J,0.7618
cutesv调参,K132,132,K,0.6417
cutesv调参,L132,132,L,0.4163
cutesv调参,M132,132,M,0.505
cutesv调参,N132,132,N,17937
cutesv调参,O132,132,O,15354
cutesv调参,P132,132,P,2875
cutesv调参,Q132,132,Q,10180
cutesv调参,R132,132,R,11697
cutesv调参,S132,132,S,3657
cutesv调参,T132,132,T,11704
cutesv调参,U132,132,U,6233
cutesv调参,V132,132,V,21782
cutesv调参,W132,132,W,16174
cutesv调参,X132,132,X,2055
cutesv调参,Y132,132,Y,6335
cutesv调参,Z132,132,Z,0.8873
cutesv调参,AA132,132,AA,0.7747
cutesv调参,AB132,132,AB,0.8272
cutesv调参,B133,133,B,cutesv_10_20_100_0.5_1000_0.5
cutesv调参,C133,133,C,100
cutesv调参,D133,133,D,0.5
cutesv调参,E133,133,E,1000
cutesv调参,F133,133,F,0.5
cutesv调参,G133,133,G,0.7626
cutesv调参,H133,133,H,0.619
cutesv调参,I133,133,I,0.6834
cutesv调参,J133,133,J,0.7479
cutesv调参,K133,133,K,0.5704
cutesv调参,L133,133,L,0.3943
cutesv调参,M133,133,M,0.4663
cutesv调参,N133,133,N,17405
cutesv调参,O133,133,O,14816
cutesv调参,P133,133,P,4612
cutesv调参,Q133,133,Q,10712
cutesv调参,R133,133,R,11081
cutesv调参,S133,133,S,3735
cutesv调参,T133,133,T,11087
cutesv调参,U133,133,U,6318
cutesv调参,V133,133,V,21328
cutesv调参,W133,133,W,15726
cutesv调参,X133,133,X,3702
cutesv调参,Y133,133,Y,6789
cutesv调参,Z133,133,Z,0.8095
cutesv调参,AA133,133,AA,0.7585
cutesv调参,AB133,133,AB,0.7832
cutesv调参,B134,134,B,cutesv_10_20_100_0.5_1000_0.9
cutesv调参,C134,134,C,100
cutesv调参,D134,134,D,0.5
cutesv调参,E134,134,E,1000
cutesv调参,F134,134,F,0.9
cutesv调参,G134,134,G,0.6223
cutesv调参,H134,134,H,0.5973
cutesv调参,I134,134,I,0.6096
cutesv调参,J134,134,J,0.7314
cutesv调参,K134,134,K,0.4551
cutesv调参,L134,134,L,0.3697
cutesv调参,M134,134,M,0.408
cutesv调参,N134,134,N,16795
cutesv调参,O134,134,O,14205
cutesv调参,P134,134,P,8621
cutesv调参,Q134,134,Q,11322
cutesv调参,R134,134,R,10389
cutesv调参,S134,134,S,3816
cutesv调参,T134,134,T,10396
cutesv调参,U134,134,U,6399
cutesv调参,V134,134,V,20893
cutesv调参,W134,134,W,15301
cutesv调参,X134,134,X,7525
cutesv调参,Y134,134,Y,7224
cutesv调参,Z134,134,Z,0.6703
cutesv调参,AA134,134,AA,0.7431
cutesv调参,AB134,134,AB,0.7048
cutesv调参,B135,135,B,cutesv_10_20_100_0.9_100_0.3
cutesv调参,C135,135,C,100
cutesv调参,D135,135,D,0.9
cutesv调参,E135,135,E,100
cutesv调参,F135,135,F,0.3
cutesv调参,G135,135,G,0.9135
cutesv调参,H135,135,H,0.6977
cutesv调参,I135,135,I,0.7911
cutesv调参,J135,135,J,0.767
cutesv调参,K135,135,K,0.7007
cutesv调参,L135,135,L,0.4612
cutesv调参,M135,135,M,0.5563
cutesv调参,N135,135,N,19623
cutesv调参,O135,135,O,16909
cutesv调参,P135,135,P,1601
cutesv调参,Q135,135,Q,8503
cutesv调参,R135,135,R,12970
cutesv调参,S135,135,S,3939
cutesv调参,T135,135,T,12972
cutesv调参,U135,135,U,6651
cutesv调参,V135,135,V,23295
cutesv调参,W135,135,W,17827
cutesv调参,X135,135,X,683
cutesv调参,Y135,135,Y,4831
cutesv调参,Z135,135,Z,0.9631
cutesv调参,AA135,135,AA,0.8282
cutesv调参,AB135,135,AB,0.8906
cutesv调参,B136,136,B,cutesv_10_20_100_0.9_100_0.5
cutesv调参,C136,136,C,100
cutesv调参,D136,136,D,0.9
cutesv调参,E136,136,E,100
cutesv调参,F136,136,F,0.5
cutesv调参,G136,136,G,0.9084
cutesv调参,H136,136,H,0.6935
cutesv调参,I136,136,I,0.7865
cutesv调参,J136,136,J,0.7591
cutesv调参,K136,136,K,0.6895
cutesv调参,L136,136,L,0.4518
cutesv调参,M136,136,M,0.5459
cutesv调参,N136,136,N,19505
cutesv调参,O136,136,O,16736
cutesv调参,P136,136,P,1688
cutesv调参,Q136,136,Q,8622
cutesv调参,R136,136,R,12704
cutesv调参,S136,136,S,4032
cutesv调参,T136,136,T,12707
cutesv调参,U136,136,U,6798
cutesv调参,V136,136,V,23204
cutesv调参,W136,136,W,17701
cutesv调参,X136,136,X,723
cutesv调参,Y136,136,Y,4923
cutesv调参,Z136,136,Z,0.9608
cutesv调参,AA136,136,AA,0.825
cutesv调参,AB136,136,AB,0.8877
cutesv调参,B137,137,B,cutesv_10_20_100_0.9_100_0.9
cutesv调参,C137,137,C,100
cutesv调参,D137,137,D,0.9
cutesv调参,E137,137,E,100
cutesv调参,F137,137,F,0.9
cutesv调参,G137,137,G,0.901
cutesv调参,H137,137,H,0.6872
cutesv调参,I137,137,I,0.7797
cutesv调参,J137,137,J,0.753
cutesv调参,K137,137,K,0.6784
cutesv调参,L137,137,L,0.443
cutesv调参,M137,137,M,0.536
cutesv调参,N137,137,N,19328
cutesv调参,O137,137,O,16543
cutesv调参,P137,137,P,1818
cutesv调参,Q137,137,Q,8799
cutesv调参,R137,137,R,12457
cutesv调参,S137,137,S,4086
cutesv调参,T137,137,T,12461
cutesv调参,U137,137,U,6867
cutesv调参,V137,137,V,23113
cutesv调参,W137,137,W,17575
cutesv调参,X137,137,X,786
cutesv调参,Y137,137,Y,5014
cutesv调参,Z137,137,Z,0.9572
cutesv调参,AA137,137,AA,0.8217
cutesv调参,AB137,137,AB,0.8843
cutesv调参,B138,138,B,cutesv_10_20_100_0.9_500_0.3
cutesv调参,C138,138,C,100
cutesv调参,D138,138,D,0.9
cutesv调参,E138,138,E,500
cutesv调参,F138,138,F,0.3
cutesv调参,G138,138,G,0.8935
cutesv调参,H138,138,H,0.6749
cutesv调参,I138,138,I,0.769
cutesv调参,J138,138,J,0.7596
cutesv调参,K138,138,K,0.6787
cutesv调参,L138,138,L,0.4393
cutesv调参,M138,138,M,0.5334
cutesv调参,N138,138,N,18979
cutesv调参,O138,138,O,16257
cutesv调参,P138,138,P,1937
cutesv调参,Q138,138,Q,9143
cutesv调参,R138,138,R,12349
cutesv调参,S138,138,S,3908
cutesv调参,T138,138,T,12354
cutesv调参,U138,138,U,6625
cutesv调参,V138,138,V,22844
cutesv调参,W138,138,W,17062
cutesv调参,X138,138,X,1132
cutesv调参,Y138,138,Y,5278
cutesv调参,Z138,138,Z,0.9378
cutesv调参,AA138,138,AA,0.8123
cutesv调参,AB138,138,AB,0.8706
cutesv调参,B139,139,B,cutesv_10_20_100_0.9_500_0.5
cutesv调参,C139,139,C,100
cutesv调参,D139,139,D,0.9
cutesv调参,E139,139,E,500
cutesv调参,F139,139,F,0.5
cutesv调参,G139,139,G,0.8485
cutesv调参,H139,139,H,0.666
cutesv调参,I139,139,I,0.7463
cutesv调参,J139,139,J,0.7483
cutesv调参,K139,139,K,0.635
cutesv调参,L139,139,L,0.425
cutesv调参,M139,139,M,0.5092
cutesv调参,N139,139,N,18728
cutesv调参,O139,139,O,15962
cutesv调参,P139,139,P,2849
cutesv调参,Q139,139,Q,9393
cutesv调参,R139,139,R,11945
cutesv调参,S139,139,S,4017
cutesv调参,T139,139,T,11952
cutesv调参,U139,139,U,6776
cutesv调参,V139,139,V,22669
cutesv调参,W139,139,W,16825
cutesv调参,X139,139,X,1986
cutesv调参,Y139,139,Y,5452
cutesv调参,Z139,139,Z,0.8944
cutesv调参,AA139,139,AA,0.8061
cutesv调参,AB139,139,AB,0.848
cutesv调参,B140,140,B,cutesv_10_20_100_0.9_500_0.9
cutesv调参,C140,140,C,100
cutesv调参,D140,140,D,0.9
cutesv调参,E140,140,E,500
cutesv调参,F140,140,F,0.9
cutesv调参,G140,140,G,0.7587
cutesv调参,H140,140,H,0.6553
cutesv调参,I140,140,I,0.7032
cutesv调参,J140,140,J,0.738
cutesv调参,K140,140,K,0.5599
cutesv调参,L140,140,L,0.4109
cutesv调参,M140,140,M,0.4739
cutesv调参,N140,140,N,18427
cutesv调参,O140,140,O,15646
cutesv调参,P140,140,P,4975
cutesv调参,Q140,140,Q,9694
cutesv调参,R140,140,R,11546
cutesv调参,S140,140,S,4100
cutesv调参,T140,140,T,11554
cutesv调参,U140,140,U,6873
cutesv调参,V140,140,V,22496
cutesv调参,W140,140,W,16644
cutesv调参,X140,140,X,3977
cutesv调参,Y140,140,Y,5625
cutesv调参,Z140,140,Z,0.8071
cutesv调参,AA140,140,AA,0.8
cutesv调参,AB140,140,AB,0.8035
cutesv调参,B141,141,B,cutesv_10_20_100_0.9_1000_0.3
cutesv调参,C141,141,C,100
cutesv调参,D141,141,D,0.9
cutesv调参,E141,141,E,1000
cutesv调参,F141,141,F,0.3
cutesv调参,G141,141,G,0.8316
cutesv调参,H141,141,H,0.6242
cutesv调参,I141,141,I,0.7132
cutesv调参,J141,141,J,0.7452
cutesv调参,K141,141,K,0.6197
cutesv调参,L141,141,L,0.396
cutesv调参,M141,141,M,0.4832
cutesv调参,N141,141,N,17552
cutesv调参,O141,141,O,14933
cutesv调参,P141,141,P,3024
cutesv调参,Q141,141,Q,10565
cutesv调参,R141,141,R,11128
cutesv调参,S141,141,S,3805
cutesv调参,T141,141,T,11135
cutesv调参,U141,141,U,6417
cutesv调参,V141,141,V,21617
cutesv调参,W141,141,W,15821
cutesv调参,X141,141,X,2136
cutesv调参,Y141,141,Y,6500
cutesv调参,Z141,141,Z,0.881
cutesv调参,AA141,141,AA,0.7688
cutesv调参,AB141,141,AB,0.8211
cutesv调参,B142,142,B,cutesv_10_20_100_0.9_1000_0.5
cutesv调参,C142,142,C,100
cutesv调参,D142,142,D,0.9
cutesv调参,E142,142,E,1000
cutesv调参,F142,142,F,0.5
cutesv调参,G142,142,G,0.7515
cutesv调参,H142,142,H,0.6053
cutesv调参,I142,142,I,0.6705
cutesv调参,J142,142,J,0.7303
cutesv调参,K142,142,K,0.5488
cutesv调参,L142,142,L,0.3741
cutesv调参,M142,142,M,0.4449
cutesv调参,N142,142,N,17020
cutesv调参,O142,142,O,14395
cutesv调参,P142,142,P,4761
cutesv调参,Q142,142,Q,11097
cutesv调参,R142,142,R,10512
cutesv调参,S142,142,S,3883
cutesv调参,T142,142,T,10518
cutesv调参,U142,142,U,6502
cutesv调参,V142,142,V,21140
cutesv调参,W142,142,W,15367
cutesv调参,X142,142,X,3789
cutesv调参,Y142,142,Y,6977
cutesv调参,Z142,142,Z,0.8022
cutesv调参,AA142,142,AA,0.7519
cutesv调参,AB142,142,AB,0.7762
cutesv调参,B143,143,B,cutesv_10_20_100_0.9_1000_0.9
cutesv调参,C143,143,C,100
cutesv调参,D143,143,D,0.9
cutesv调参,E143,143,E,1000
cutesv调参,F143,143,F,0.9
cutesv调参,G143,143,G,0.6112
cutesv调参,H143,143,H,0.5836
cutesv调参,I143,143,I,0.5971
cutesv调参,J143,143,J,0.7124
cutesv调参,K143,143,K,0.4354
cutesv调参,L143,143,L,0.3495
cutesv调参,M143,143,M,0.3878
cutesv调参,N143,143,N,16410
cutesv调参,O143,143,O,13784
cutesv调参,P143,143,P,8770
cutesv调参,Q143,143,Q,11707
cutesv调参,R143,143,R,9820
cutesv调参,S143,143,S,3964
cutesv调参,T143,143,T,9827
cutesv调参,U143,143,U,6583
cutesv调参,V143,143,V,20679
cutesv调参,W143,143,W,14933
cutesv调参,X143,143,X,7621
cutesv调参,Y143,143,Y,7438
cutesv调参,Z143,143,Z,0.6621
cutesv调参,AA143,143,AA,0.7355
cutesv调参,AB143,143,AB,0.6969
cutesv调参,B144,144,B,cutesv_10_20_500_0.3_100_0.3
cutesv调参,C144,144,C,500
cutesv调参,D144,144,D,0.3
cutesv调参,E144,144,E,100
cutesv调参,F144,144,F,0.3
cutesv调参,G144,144,G,0.9292
cutesv调参,H144,144,H,0.7093
cutesv调参,I144,144,I,0.8045
cutesv调参,J144,144,J,0.7951
cutesv调参,K144,144,K,0.7388
cutesv调参,L144,144,L,0.4911
cutesv调参,M144,144,M,0.59
cutesv调参,N144,144,N,19947
cutesv调参,O144,144,O,17371
cutesv调参,P144,144,P,1324
cutesv调参,Q144,144,Q,8177
cutesv调参,R144,144,R,13811
cutesv调参,S144,144,S,3560
cutesv调参,T144,144,T,13813
cutesv调参,U144,144,U,6134
cutesv调参,V144,144,V,23520
cutesv调参,W144,144,W,18134
cutesv调参,X144,144,X,561
cutesv调参,Y144,144,Y,4604
cutesv调参,Z144,144,Z,0.97
cutesv调参,AA144,144,AA,0.8363
cutesv调参,AB144,144,AB,0.8982
cutesv调参,B145,145,B,cutesv_10_20_500_0.3_100_0.5
cutesv调参,C145,145,C,500
cutesv调参,D145,145,D,0.3
cutesv调参,E145,145,E,100
cutesv调参,F145,145,F,0.5
cutesv调参,G145,145,G,0.9242
cutesv调参,H145,145,H,0.705
cutesv调参,I145,145,I,0.7999
cutesv调参,J145,145,J,0.7876
cutesv调参,K145,145,K,0.7279
cutesv调参,L145,145,L,0.4817
cutesv调参,M145,145,M,0.5797
cutesv调参,N145,145,N,19829
cutesv调参,O145,145,O,17198
cutesv调参,P145,145,P,1411
cutesv调参,Q145,145,Q,8296
cutesv调参,R145,145,R,13545
cutesv调参,S145,145,S,3653
cutesv调参,T145,145,T,13548
cutesv调参,U145,145,U,6281
cutesv调参,V145,145,V,23396
cutesv调参,W145,145,W,17999
cutesv调参,X145,145,X,610
cutesv调参,Y145,145,Y,4729
cutesv调参,Z145,145,Z,0.9672
cutesv调参,AA145,145,AA,0.8319
cutesv调参,AB145,145,AB,0.8944
cutesv调参,B146,146,B,cutesv_10_20_500_0.3_100_0.9
cutesv调参,C146,146,C,500
cutesv调参,D146,146,D,0.3
cutesv调参,E146,146,E,100
cutesv调参,F146,146,F,0.9
cutesv调参,G146,146,G,0.9169
cutesv调参,H146,146,H,0.6987
cutesv调参,I146,146,I,0.7931
cutesv调参,J146,146,J,0.782
cutesv调参,K146,146,K,0.717
cutesv调参,L146,146,L,0.473
cutesv调参,M146,146,M,0.57
cutesv调参,N146,146,N,19652
cutesv调参,O146,146,O,17005
cutesv调参,P146,146,P,1541
cutesv调参,Q146,146,Q,8473
cutesv调参,R146,146,R,13298
cutesv调参,S146,146,S,3707
cutesv调参,T146,146,T,13302
cutesv调参,U146,146,U,6350
cutesv调参,V146,146,V,23278
cutesv调参,W146,146,W,17870
cutesv调参,X146,146,X,676
cutesv调参,Y146,146,Y,4847
cutesv调参,Z146,146,Z,0.9636
cutesv调参,AA146,146,AA,0.8277
cutesv调参,AB146,146,AB,0.8905
cutesv调参,B147,147,B,cutesv_10_20_500_0.3_500_0.3
cutesv调参,C147,147,C,500
cutesv调参,D147,147,D,0.3
cutesv调参,E147,147,E,500
cutesv调参,F147,147,F,0.3
cutesv调参,G147,147,G,0.9097
cutesv调参,H147,147,H,0.6865
cutesv调参,I147,147,I,0.7825
cutesv调参,J147,147,J,0.7889
cutesv调参,K147,147,K,0.7177
cutesv调参,L147,147,L,0.4692
cutesv调参,M147,147,M,0.5675
cutesv调参,N147,147,N,19303
cutesv调参,O147,147,O,16719
cutesv调参,P147,147,P,1660
cutesv调参,Q147,147,Q,8817
cutesv调参,R147,147,R,13190
cutesv调参,S147,147,S,3529
cutesv调参,T147,147,T,13195
cutesv调参,U147,147,U,6108
cutesv调参,V147,147,V,23152
cutesv调参,W147,147,W,17377
cutesv调参,X147,147,X,1002
cutesv调参,Y147,147,Y,4968
cutesv调参,Z147,147,Z,0.9455
cutesv调参,AA147,147,AA,0.8233
cutesv调参,AB147,147,AB,0.8802
cutesv调参,B148,148,B,cutesv_10_20_500_0.3_500_0.5
cutesv调参,C148,148,C,500
cutesv调参,D148,148,D,0.3
cutesv调参,E148,148,E,500
cutesv调参,F148,148,F,0.5
cutesv调参,G148,148,G,0.8646
cutesv调参,H148,148,H,0.6775
cutesv调参,I148,148,I,0.7597
cutesv调参,J148,148,J,0.7785
cutesv调参,K148,148,K,0.6731
cutesv调参,L148,148,L,0.455
cutesv调参,M148,148,M,0.5429
cutesv调参,N148,148,N,19052
cutesv调参,O148,148,O,16424
cutesv调参,P148,148,P,2572
cutesv调参,Q148,148,Q,9067
cutesv调参,R148,148,R,12786
cutesv调参,S148,148,S,3638
cutesv调参,T148,148,T,12793
cutesv调参,U148,148,U,6259
cutesv调参,V148,148,V,22926
cutesv调参,W148,148,W,17123
cutesv调参,X148,148,X,1873
cutesv调参,Y148,148,Y,5193
cutesv调参,Z148,148,Z,0.9014
cutesv调参,AA148,148,AA,0.8153
cutesv调参,AB148,148,AB,0.8562
cutesv调参,B149,149,B,cutesv_10_20_500_0.3_500_0.9
cutesv调参,C149,149,C,500
cutesv调参,D149,149,D,0.3
cutesv调参,E149,149,E,500
cutesv调参,F149,149,F,0.9
cutesv调参,G149,149,G,0.7742
cutesv调参,H149,149,H,0.6668
cutesv调参,I149,149,I,0.7165
cutesv调参,J149,149,J,0.769
cutesv调参,K149,149,K,0.5954
cutesv调参,L149,149,L,0.4408
cutesv调参,M149,149,M,0.5066
cutesv调参,N149,149,N,18751
cutesv调参,O149,149,O,16108
cutesv调参,P149,149,P,4698
cutesv调参,Q149,149,Q,9368
cutesv调参,R149,149,R,12387
cutesv调参,S149,149,S,3721
cutesv调参,T149,149,T,12395
cutesv调参,U149,149,U,6356
cutesv调参,V149,149,V,22748
cutesv调参,W149,149,W,16950
cutesv调参,X149,149,X,3856
cutesv调参,Y149,149,Y,5371
cutesv调参,Z149,149,Z,0.8147
cutesv调参,AA149,149,AA,0.809
cutesv调参,AB149,149,AB,0.8118
cutesv调参,B150,150,B,cutesv_10_20_500_0.3_1000_0.3
cutesv调参,C150,150,C,500
cutesv调参,D150,150,D,0.3
cutesv调参,E150,150,E,1000
cutesv调参,F150,150,F,0.3
cutesv调参,G150,150,G,0.8486
cutesv调参,H150,150,H,0.6358
cutesv调参,I150,150,I,0.727
cutesv调参,J150,150,J,0.7775
cutesv调参,K150,150,K,0.6597
cutesv调参,L150,150,L,0.426
cutesv调参,M150,150,M,0.5177
cutesv调参,N150,150,N,17876
cutesv调参,O150,150,O,15395
cutesv调参,P150,150,P,2747
cutesv调参,Q150,150,Q,10239
cutesv调参,R150,150,R,11969
cutesv调参,S150,150,S,3426
cutesv调参,T150,150,T,11976
cutesv调参,U150,150,U,5900
cutesv调参,V150,150,V,21843
cutesv调参,W150,150,W,16123
cutesv调参,X150,150,X,2019
cutesv调参,Y150,150,Y,6272
cutesv调参,Z150,150,Z,0.8887
cutesv调参,AA150,150,AA,0.7769
cutesv调参,AB150,150,AB,0.8291
cutesv调参,B151,151,B,cutesv_10_20_500_0.3_1000_0.5
cutesv调参,C151,151,C,500
cutesv调参,D151,151,D,0.3
cutesv调参,E151,151,E,1000
cutesv调参,F151,151,F,0.5
cutesv调参,G151,151,G,0.7682
cutesv调参,H151,151,H,0.6169
cutesv调参,I151,151,I,0.6843
cutesv调参,J151,151,J,0.7642
cutesv调参,K151,151,K,0.587
cutesv调参,L151,151,L,0.404
cutesv调参,M151,151,M,0.4786
cutesv调参,N151,151,N,17344
cutesv调参,O151,151,O,14857
cutesv调参,P151,151,P,4484
cutesv调参,Q151,151,Q,10771
cutesv调参,R151,151,R,11353
cutesv调参,S151,151,S,3504
cutesv调参,T151,151,T,11359
cutesv调参,U151,151,U,5985
cutesv调参,V151,151,V,21411
cutesv调参,W151,151,W,15673
cutesv调参,X151,151,X,3668
cutesv调参,Y151,151,Y,6704
cutesv调参,Z151,151,Z,0.8104
cutesv调参,AA151,151,AA,0.7616
cutesv调参,AB151,151,AB,0.7852
cutesv调参,B152,152,B,cutesv_10_20_500_0.3_1000_0.9
cutesv调参,C152,152,C,500
cutesv调参,D152,152,D,0.3
cutesv调参,E152,152,E,1000
cutesv调参,F152,152,F,0.9
cutesv调参,G152,152,G,0.6265
cutesv调参,H152,152,H,0.5952
cutesv调参,I152,152,I,0.6104
cutesv调参,J152,152,J,0.7484
cutesv调参,K152,152,K,0.4688
cutesv调参,L152,152,L,0.3794
cutesv调参,M152,152,M,0.4194
cutesv调参,N152,152,N,16734
cutesv调参,O152,152,O,14246
cutesv调参,P152,152,P,8493
cutesv调参,Q152,152,Q,11381
cutesv调参,R152,152,R,10661
cutesv调参,S152,152,S,3585
cutesv调参,T152,152,T,10668
cutesv调参,U152,152,U,6066
cutesv调参,V152,152,V,20964
cutesv调参,W152,152,W,15258
cutesv调参,X152,152,X,7481
cutesv调参,Y152,152,Y,7151
cutesv调参,Z152,152,Z,0.671
cutesv调参,AA152,152,AA,0.7457
cutesv调参,AB152,152,AB,0.7064
cutesv调参,B153,153,B,cutesv_10_20_500_0.5_100_0.3
cutesv调参,C153,153,C,500
cutesv调参,D153,153,D,0.5
cutesv调参,E153,153,E,100
cutesv调参,F153,153,F,0.3
cutesv调参,G153,153,G,0.9254
cutesv调参,H153,153,H,0.6993
cutesv调参,I153,153,I,0.7966
cutesv调参,J153,153,J,0.7792
cutesv调参,K153,153,K,0.7211
cutesv调参,L153,153,L,0.471
cutesv调参,M153,153,M,0.5698
cutesv调参,N153,153,N,19668
cutesv调参,O153,153,O,16997
cutesv调参,P153,153,P,1370
cutesv调参,Q153,153,Q,8456
cutesv调参,R153,153,R,13244
cutesv调参,S153,153,S,3753
cutesv调参,T153,153,T,13246
cutesv调参,U153,153,U,6422
cutesv调参,V153,153,V,23312
cutesv调参,W153,153,W,17783
cutesv调参,X153,153,X,584
cutesv调参,Y153,153,Y,4812
cutesv调参,Z153,153,Z,0.9682
cutesv调参,AA153,153,AA,0.8289
cutesv调参,AB153,153,AB,0.8932
cutesv调参,B154,154,B,cutesv_10_20_500_0.5_100_0.5
cutesv调参,C154,154,C,500
cutesv调参,D154,154,D,0.5
cutesv调参,E154,154,E,100
cutesv调参,F154,154,F,0.5
cutesv调参,G154,154,G,0.9203
cutesv调参,H154,154,H,0.6951
cutesv调参,I154,154,I,0.792
cutesv调参,J154,154,J,0.7714
cutesv调参,K154,154,K,0.7099
cutesv调参,L154,154,L,0.4615
cutesv调参,M154,154,M,0.5594
cutesv调参,N154,154,N,19550
cutesv调参,O154,154,O,16824
cutesv调参,P154,154,P,1457
cutesv调参,Q154,154,Q,8575
cutesv调参,R154,154,R,12978
cutesv调参,S154,154,S,3846
cutesv调参,T154,154,T,12981
cutesv调参,U154,154,U,6569
cutesv调参,V154,154,V,23221
cutesv调参,W154,154,W,17650
cutesv调参,X154,154,X,631
cutesv调参,Y154,154,Y,4904
cutesv调参,Z154,154,Z,0.9655
cutesv调参,AA154,154,AA,0.8256
cutesv调参,AB154,154,AB,0.8901
cutesv调参,B155,155,B,cutesv_10_20_500_0.5_100_0.9
cutesv调参,C155,155,C,500
cutesv调参,D155,155,D,0.5
cutesv调参,E155,155,E,100
cutesv调参,F155,155,F,0.9
cutesv调参,G155,155,G,0.9129
cutesv调参,H155,155,H,0.6888
cutesv调参,I155,155,I,0.7852
cutesv调参,J155,155,J,0.7655
cutesv调参,K155,155,K,0.6988
cutesv调参,L155,155,L,0.4528
cutesv调参,M155,155,M,0.5495
cutesv调参,N155,155,N,19373
cutesv调参,O155,155,O,16631
cutesv调参,P155,155,P,1587
cutesv调参,Q155,155,Q,8752
cutesv调参,R155,155,R,12731
cutesv调参,S155,155,S,3900
cutesv调参,T155,155,T,12735
cutesv调参,U155,155,U,6638
cutesv调参,V155,155,V,23070
cutesv调参,W155,155,W,17511
cutesv调参,X155,155,X,707
cutesv调参,Y155,155,Y,5055
cutesv调参,Z155,155,Z,0.9612
cutesv调参,AA155,155,AA,0.8203
cutesv调参,AB155,155,AB,0.8852
cutesv调参,B156,156,B,cutesv_10_20_500_0.5_500_0.3
cutesv调参,C156,156,C,500
cutesv调参,D156,156,D,0.5
cutesv调参,E156,156,E,500
cutesv调参,F156,156,F,0.3
cutesv调参,G156,156,G,0.9055
cutesv调参,H156,156,H,0.6765
cutesv调参,I156,156,I,0.7744
cutesv调参,J156,156,J,0.7723
cutesv调参,K156,156,K,0.6993
cutesv调参,L156,156,L,0.4491
cutesv调参,M156,156,M,0.5469
cutesv调参,N156,156,N,19024
cutesv调参,O156,156,O,16345
cutesv调参,P156,156,P,1706
cutesv调参,Q156,156,Q,9096
cutesv调参,R156,156,R,12623
cutesv调参,S156,156,S,3722
cutesv调参,T156,156,T,12628
cutesv调参,U156,156,U,6396
cutesv调参,V156,156,V,22909
cutesv调参,W156,156,W,17015
cutesv调参,X156,156,X,1036
cutesv调参,Y156,156,Y,5211
cutesv调参,Z156,156,Z,0.9426
cutesv调参,AA156,156,AA,0.8147
cutesv调参,AB156,156,AB,0.874
cutesv调参,B157,157,B,cutesv_10_20_500_0.5_500_0.5
cutesv调参,C157,157,C,500
cutesv调参,D157,157,D,0.5
cutesv调参,E157,157,E,500
cutesv调参,F157,157,F,0.5
cutesv调参,G157,157,G,0.8598
cutesv调参,H157,157,H,0.6676
cutesv调参,I157,157,I,0.7516
cutesv调参,J157,157,J,0.7613
cutesv调参,K157,157,K,0.6545
cutesv调参,L157,157,L,0.4348
cutesv调参,M157,157,M,0.5225
cutesv调参,N157,157,N,18773
cutesv调参,O157,157,O,16050
cutesv调参,P157,157,P,2618
cutesv调参,Q157,157,Q,9346
cutesv调参,R157,157,R,12219
cutesv调参,S157,157,S,3831
cutesv调参,T157,157,T,12226
cutesv调参,U157,157,U,6547
cutesv调参,V157,157,V,22684
cutesv调参,W157,157,W,16765
cutesv调参,X157,157,X,1903
cutesv调参,Y157,157,Y,5435
cutesv调参,Z157,157,Z,0.8981
cutesv调参,AA157,157,AA,0.8067
cutesv调参,AB157,157,AB,0.8499
cutesv调参,B158,158,B,cutesv_10_20_500_0.5_500_0.9
cutesv调参,C158,158,C,500
cutesv调参,D158,158,D,0.5
cutesv调参,E158,158,E,500
cutesv调参,F158,158,F,0.9
cutesv调参,G158,158,G,0.7683
cutesv调参,H158,158,H,0.6569
cutesv调参,I158,158,I,0.7083
cutesv调参,J158,158,J,0.7512
cutesv调参,K158,158,K,0.5772
cutesv调参,L158,158,L,0.4206
cutesv调参,M158,158,M,0.4866
cutesv调参,N158,158,N,18472
cutesv调参,O158,158,O,15734
cutesv调参,P158,158,P,4744
cutesv调参,Q158,158,Q,9647
cutesv调参,R158,158,R,11820
cutesv调参,S158,158,S,3914
cutesv调参,T158,158,T,11828
cutesv调参,U158,158,U,6644
cutesv调参,V158,158,V,22525
cutesv调参,W158,158,W,16599
cutesv调参,X158,158,X,3879
cutesv调参,Y158,158,Y,5594
cutesv调参,Z158,158,Z,0.8106
cutesv调参,AA158,158,AA,0.8011
cutesv调参,AB158,158,AB,0.8058
cutesv调参,B159,159,B,cutesv_10_20_500_0.5_1000_0.3
cutesv调参,C159,159,C,500
cutesv调参,D159,159,D,0.5
cutesv调参,E159,159,E,1000
cutesv调参,F159,159,F,0.3
cutesv调参,G159,159,G,0.8432
cutesv调参,H159,159,H,0.6259
cutesv调参,I159,159,I,0.7185
cutesv调参,J159,159,J,0.7591
cutesv调参,K159,159,K,0.6401
cutesv调参,L159,159,L,0.4058
cutesv调参,M159,159,M,0.4967
cutesv调参,N159,159,N,17597
cutesv调参,O159,159,O,15021
cutesv调参,P159,159,P,2793
cutesv调参,Q159,159,Q,10518
cutesv调参,R159,159,R,11402
cutesv调参,S159,159,S,3619
cutesv调参,T159,159,T,11409
cutesv调参,U159,159,U,6188
cutesv调参,V159,159,V,21684
cutesv调参,W159,159,W,15765
cutesv调参,X159,159,X,2049
cutesv调参,Y159,159,Y,6431
cutesv调参,Z159,159,Z,0.885
cutesv调参,AA159,159,AA,0.7713
cutesv调参,AB159,159,AB,0.8242
cutesv调参,B160,160,B,cutesv_10_20_500_0.5_1000_0.5
cutesv调参,C160,160,C,500
cutesv调参,D160,160,D,0.5
cutesv调参,E160,160,E,1000
cutesv调参,F160,160,F,0.5
cutesv调参,G160,160,G,0.7617
cutesv调参,H160,160,H,0.607
cutesv调参,I160,160,I,0.6756
cutesv调参,J160,160,J,0.7447
cutesv调参,K160,160,K,0.5673
cutesv调参,L160,160,L,0.3839
cutesv调参,M160,160,M,0.4579
cutesv调参,N160,160,N,17065
cutesv调参,O160,160,O,14483
cutesv调参,P160,160,P,4530
cutesv调参,Q160,160,Q,11050
cutesv调参,R160,160,R,10786
cutesv调参,S160,160,S,3697
cutesv调参,T160,160,T,10792
cutesv调参,U160,160,U,6273
cutesv调参,V160,160,V,21198
cutesv调参,W160,160,W,15311
cutesv调参,X160,160,X,3702
cutesv调参,Y160,160,Y,6917
cutesv调参,Z160,160,Z,0.8053
cutesv调参,AA160,160,AA,0.754
cutesv调参,AB160,160,AB,0.7788
cutesv调参,B161,161,B,cutesv_10_20_500_0.5_1000_0.9
cutesv调参,C161,161,C,500
cutesv调参,D161,161,D,0.5
cutesv调参,E161,161,E,1000
cutesv调参,F161,161,F,0.9
cutesv调参,G161,161,G,0.619
cutesv调参,H161,161,H,0.5853
cutesv调参,I161,161,I,0.6017
cutesv调参,J161,161,J,0.7277
cutesv调参,K161,161,K,0.4504
cutesv调参,L161,161,L,0.3593
cutesv调参,M161,161,M,0.3997
cutesv调参,N161,161,N,16455
cutesv调参,O161,161,O,13872
cutesv调参,P161,161,P,8539
cutesv调参,Q161,161,Q,11660
cutesv调参,R161,161,R,10094
cutesv调参,S161,161,S,3778
cutesv调参,T161,161,T,10101
cutesv调参,U161,161,U,6354
cutesv调参,V161,161,V,20745
cutesv调参,W161,161,W,14888
cutesv调参,X161,161,X,7523
cutesv调参,Y161,161,Y,7370
cutesv调参,Z161,161,Z,0.6643
cutesv调参,AA161,161,AA,0.7379
cutesv调参,AB161,161,AB,0.6992
cutesv调参,B162,162,B,cutesv_10_20_500_0.9_100_0.3
cutesv调参,C162,162,C,500
cutesv调参,D162,162,D,0.9
cutesv调参,E162,162,E,100
cutesv调参,F162,162,F,0.3
cutesv调参,G162,162,G,0.9171
cutesv调参,H162,162,H,0.684
cutesv调参,I162,162,I,0.7836
cutesv调参,J162,162,J,0.7646
cutesv调参,K162,162,K,0.7012
cutesv调参,L162,162,L,0.4498
cutesv调参,M162,162,M,0.548
cutesv调参,N162,162,N,19237
cutesv调参,O162,162,O,16540
cutesv调参,P162,162,P,1495
cutesv调参,Q162,162,Q,8887
cutesv调参,R162,162,R,12647
cutesv调参,S162,162,S,3893
cutesv调参,T162,162,T,12649
cutesv调参,U162,162,U,6588
cutesv调参,V162,162,V,23039
cutesv调参,W162,162,W,17364
cutesv调参,X162,162,X,671
cutesv调参,Y162,162,Y,5085
cutesv调参,Z162,162,Z,0.9628
cutesv调参,AA162,162,AA,0.8192
cutesv调参,AB162,162,AB,0.8852
cutesv调参,B163,163,B,cutesv_10_20_500_0.9_100_0.5
cutesv调参,C163,163,C,500
cutesv调参,D163,163,D,0.9
cutesv调参,E163,163,E,100
cutesv调参,F163,163,F,0.5
cutesv调参,G163,163,G,0.9119
cutesv调参,H163,163,H,0.6798
cutesv调参,I163,163,I,0.7789
cutesv调参,J163,163,J,0.7565
cutesv调参,K163,163,K,0.6898
cutesv调参,L163,163,L,0.4403
cutesv调参,M163,163,M,0.5375
cutesv调参,N163,163,N,19119
cutesv调参,O163,163,O,16367
cutesv调参,P163,163,P,1582
cutesv调参,Q163,163,Q,9006
cutesv调参,R163,163,R,12381
cutesv调参,S163,163,S,3986
cutesv调参,T163,163,T,12384
cutesv调参,U163,163,U,6735
cutesv调参,V163,163,V,22961
cutesv调参,W163,163,W,17238
cutesv调参,X163,163,X,711
cutesv调参,Y163,163,Y,5164
cutesv调参,Z163,163,Z,0.9604
cutesv调参,AA163,163,AA,0.8164
cutesv调参,AB163,163,AB,0.8826
cutesv调参,B164,164,B,cutesv_10_20_500_0.9_100_0.9
cutesv调参,C164,164,C,500
cutesv调参,D164,164,D,0.9
cutesv调参,E164,164,E,100
cutesv调参,F164,164,F,0.9
cutesv调参,G164,164,G,0.9043
cutesv调参,H164,164,H,0.6735
cutesv调参,I164,164,I,0.772
cutesv调参,J164,164,J,0.7502
cutesv调参,K164,164,K,0.6784
cutesv调参,L164,164,L,0.4316
cutesv调参,M164,164,M,0.5275
cutesv调参,N164,164,N,18942
cutesv调参,O164,164,O,16174
cutesv调参,P164,164,P,1712
cutesv调参,Q164,164,Q,9183
cutesv调参,R164,164,R,12134
cutesv调参,S164,164,S,4040
cutesv调参,T164,164,T,12138
cutesv调参,U164,164,U,6804
cutesv调参,V164,164,V,22790
cutesv调参,W164,164,W,17100
cutesv调参,X164,164,X,786
cutesv调参,Y164,164,Y,5335
cutesv调参,Z164,164,Z,0.9561
cutesv调参,AA164,164,AA,0.8103
cutesv调参,AB164,164,AB,0.8772
cutesv调参,B165,165,B,cutesv_10_20_500_0.9_500_0.3
cutesv调参,C165,165,C,500
cutesv调参,D165,165,D,0.9
cutesv调参,E165,165,E,500
cutesv调参,F165,165,F,0.3
cutesv调参,G165,165,G,0.8967
cutesv调参,H165,165,H,0.6612
cutesv调参,I165,165,I,0.7611
cutesv调参,J165,165,J,0.7569
cutesv调参,K165,165,K,0.6787
cutesv调参,L165,165,L,0.4278
cutesv调参,M165,165,M,0.5248
cutesv调参,N165,165,N,18593
cutesv调参,O165,165,O,15888
cutesv调参,P165,165,P,1831
cutesv调参,Q165,165,Q,9527
cutesv调参,R165,165,R,12026
cutesv调参,S165,165,S,3862
cutesv调参,T165,165,T,12031
cutesv调参,U165,165,U,6562
cutesv调参,V165,165,V,22619
cutesv调参,W165,165,W,16598
cutesv调参,X165,165,X,1121
cutesv调参,Y165,165,Y,5501
cutesv调参,Z165,165,Z,0.9367
cutesv调参,AA165,165,AA,0.8044
cutesv调参,AB165,165,AB,0.8655
cutesv调参,B166,166,B,cutesv_10_20_500_0.9_500_0.5
cutesv调参,C166,166,C,500
cutesv调参,D166,166,D,0.9
cutesv调参,E166,166,E,500
cutesv调参,F166,166,F,0.5
cutesv调参,G166,166,G,0.8504
cutesv调参,H166,166,H,0.6523
cutesv调参,I166,166,I,0.7383
cutesv调参,J166,166,J,0.7453
cutesv调参,K166,166,K,0.6338
cutesv调参,L166,166,L,0.4136
cutesv调参,M166,166,M,0.5005
cutesv调参,N166,166,N,18342
cutesv调参,O166,166,O,15593
cutesv调参,P166,166,P,2743
cutesv调参,Q166,166,Q,9777
cutesv调参,R166,166,R,11622
cutesv调参,S166,166,S,3971
cutesv调参,T166,166,T,11629
cutesv调参,U166,166,U,6713
cutesv调参,V166,166,V,22445
cutesv调参,W166,166,W,16346
cutesv调参,X166,166,X,1990
cutesv调参,Y166,166,Y,5674
cutesv调参,Z166,166,Z,0.8915
cutesv调参,AA166,166,AA,0.7982
cutesv调参,AB166,166,AB,0.8423
cutesv调参,B167,167,B,cutesv_10_20_500_0.9_500_0.9
cutesv调参,C167,167,C,500
cutesv调参,D167,167,D,0.9
cutesv调参,E167,167,E,500
cutesv调参,F167,167,F,0.9
cutesv调参,G167,167,G,0.7583
cutesv调参,H167,167,H,0.6416
cutesv调参,I167,167,I,0.6951
cutesv调参,J167,167,J,0.7346
cutesv调参,K167,167,K,0.5571
cutesv调参,L167,167,L,0.3994
cutesv调参,M167,167,M,0.4653
cutesv调参,N167,167,N,18041
cutesv调参,O167,167,O,15277
cutesv调参,P167,167,P,4869
cutesv调参,Q167,167,Q,10078
cutesv调参,R167,167,R,11223
cutesv调参,S167,167,S,4054
cutesv调参,T167,167,T,11231
cutesv调参,U167,167,U,6810
cutesv调参,V167,167,V,22239
cutesv调参,W167,167,W,16173
cutesv调参,X167,167,X,3973
cutesv调参,Y167,167,Y,5880
cutesv调参,Z167,167,Z,0.8028
cutesv调参,AA167,167,AA,0.7909
cutesv调参,AB167,167,AB,0.7968
cutesv调参,B168,168,B,cutesv_10_20_500_0.9_1000_0.3
cutesv调参,C168,168,C,500
cutesv调参,D168,168,D,0.9
cutesv调参,E168,168,E,1000
cutesv调参,F168,168,F,0.3
cutesv调参,G168,168,G,0.8331
cutesv调参,H168,168,H,0.6106
cutesv调参,I168,168,I,0.7047
cutesv调参,J168,168,J,0.7419
cutesv调参,K168,168,K,0.6181
cutesv调参,L168,168,L,0.3846
cutesv调参,M168,168,M,0.4741
cutesv调参,N168,168,N,17166
cutesv调参,O168,168,O,14564
cutesv调参,P168,168,P,2918
cutesv调参,Q168,168,Q,10949
cutesv调参,R168,168,R,10805
cutesv调参,S168,168,S,3759
cutesv调参,T168,168,T,10812
cutesv调参,U168,168,U,6354
cutesv调参,V168,168,V,21407
cutesv调参,W168,168,W,15340
cutesv调参,X168,168,X,2142
cutesv调参,Y168,168,Y,6708
cutesv调参,Z168,168,Z,0.8775
cutesv调参,AA168,168,AA,0.7614
cutesv调参,AB168,168,AB,0.8153
cutesv调参,B169,169,B,cutesv_10_20_500_0.9_1000_0.5
cutesv调参,C169,169,C,500
cutesv调参,D169,169,D,0.9
cutesv调参,E169,169,E,1000
cutesv调参,F169,169,F,0.5
cutesv调参,G169,169,G,0.7508
cutesv调参,H169,169,H,0.5916
cutesv调参,I169,169,I,0.6618
cutesv调参,J169,169,J,0.7264
cutesv调参,K169,169,K,0.5454
cutesv调参,L169,169,L,0.3626
cutesv调参,M169,169,M,0.4356
cutesv调参,N169,169,N,16634
cutesv调参,O169,169,O,14026
cutesv调参,P169,169,P,4655
cutesv调参,Q169,169,Q,11481
cutesv调参,R169,169,R,10189
cutesv调参,S169,169,S,3837
cutesv调参,T169,169,T,10195
cutesv调参,U169,169,U,6439
cutesv调参,V169,169,V,20915
cutesv调参,W169,169,W,14880
cutesv调参,X169,169,X,3801
cutesv调参,Y169,169,Y,7200
cutesv调参,Z169,169,Z,0.7965
cutesv调参,AA169,169,AA,0.7439
cutesv调参,AB169,169,AB,0.7693
cutesv调参,B170,170,B,cutesv_10_20_500_0.9_1000_0.9
cutesv调参,C170,170,C,500
cutesv调参,D170,170,D,0.9
cutesv调参,E170,170,E,1000
cutesv调参,F170,170,F,0.9
cutesv调参,G170,170,G,0.6076
cutesv调参,H170,170,H,0.5699
cutesv调参,I170,170,I,0.5882
cutesv调参,J170,170,J,0.7079
cutesv调参,K170,170,K,0.4301
cutesv调参,L170,170,L,0.338
cutesv调参,M170,170,M,0.3786
cutesv调参,N170,170,N,16024
cutesv调参,O170,170,O,13415
cutesv调参,P170,170,P,8664
cutesv调参,Q170,170,Q,12091
cutesv调参,R170,170,R,9497
cutesv调参,S170,170,S,3918
cutesv调参,T170,170,T,9504
cutesv调参,U170,170,U,6520
cutesv调参,V170,170,V,20428
cutesv调参,W170,170,W,14453
cutesv调参,X170,170,X,7626
cutesv调参,Y170,170,Y,7687
cutesv调参,Z170,170,Z,0.6546
cutesv调参,AA170,170,AA,0.7266
cutesv调参,AB170,170,AB,0.6887
cutesv调参,B171,171,B,cutesv_10_20_1000_0.3_100_0.3
cutesv调参,C171,171,C,1000
cutesv调参,D171,171,D,0.3
cutesv调参,E171,171,E,100
cutesv调参,F171,171,F,0.3
cutesv调参,G171,171,G,0.9294
cutesv调参,H171,171,H,0.706
cutesv调参,I171,171,I,0.8024
cutesv调参,J171,171,J,0.7946
cutesv调参,K171,171,K,0.7384
cutesv调参,L171,171,L,0.4887
cutesv调参,M171,171,M,0.5882
cutesv调参,N171,171,N,19855
cutesv调参,O171,171,O,17294
cutesv调参,P171,171,P,1314
cutesv调参,Q171,171,Q,8269
cutesv调参,R171,171,R,13741
cutesv调参,S171,171,S,3553
cutesv调参,T171,171,T,13744
cutesv调参,U171,171,U,6111
cutesv调参,V171,171,V,23491
cutesv调参,W171,171,W,18049
cutesv调参,X171,171,X,559
cutesv调参,Y171,171,Y,4633
cutesv调参,Z171,171,Z,0.97
cutesv调参,AA171,171,AA,0.8353
cutesv调参,AB171,171,AB,0.8976
cutesv调参,B172,172,B,cutesv_10_20_1000_0.3_100_0.5
cutesv调参,C172,172,C,1000
cutesv调参,D172,172,D,0.3
cutesv调参,E172,172,E,100
cutesv调参,F172,172,F,0.5
cutesv调参,G172,172,G,0.9244
cutesv调参,H172,172,H,0.7018
cutesv调参,I172,172,I,0.7978
cutesv调参,J172,172,J,0.787
cutesv调参,K172,172,K,0.7275
cutesv调参,L172,172,L,0.4793
cutesv调参,M172,172,M,0.5778
cutesv调参,N172,172,N,19737
cutesv调参,O172,172,O,17121
cutesv调参,P172,172,P,1401
cutesv调参,Q172,172,Q,8388
cutesv调参,R172,172,R,13475
cutesv调参,S172,172,S,3646
cutesv调参,T172,172,T,13479
cutesv调参,U172,172,U,6258
cutesv调参,V172,172,V,23383
cutesv调参,W172,172,W,17917
cutesv调参,X172,172,X,605
cutesv调参,Y172,172,Y,4742
cutesv调参,Z172,172,Z,0.9673
cutesv调参,AA172,172,AA,0.8314
cutesv调参,AB172,172,AB,0.8942
cutesv调参,B173,173,B,cutesv_10_20_1000_0.3_100_0.9
cutesv调参,C173,173,C,1000
cutesv调参,D173,173,D,0.3
cutesv调参,E173,173,E,100
cutesv调参,F173,173,F,0.9
cutesv调参,G173,173,G,0.9171
cutesv调参,H173,173,H,0.6955
cutesv调参,I173,173,I,0.791
cutesv调参,J173,173,J,0.7814
cutesv调参,K173,173,K,0.7166
cutesv调参,L173,173,L,0.4705
cutesv调参,M173,173,M,0.568
cutesv调参,N173,173,N,19560
cutesv调参,O173,173,O,16928
cutesv调参,P173,173,P,1531
cutesv调参,Q173,173,Q,8565
cutesv调参,R173,173,R,13228
cutesv调参,S173,173,S,3700
cutesv调参,T173,173,T,13233
cutesv调参,U173,173,U,6327
cutesv调参,V173,173,V,23241
cutesv调参,W173,173,W,17784
cutesv调参,X173,173,X,675
cutesv调参,Y173,173,Y,4884
cutesv调参,Z173,173,Z,0.9634
cutesv调参,AA173,173,AA,0.8263
cutesv调参,AB173,173,AB,0.8896
cutesv调参,B174,174,B,cutesv_10_20_1000_0.3_500_0.3
cutesv调参,C174,174,C,1000
cutesv调参,D174,174,D,0.3
cutesv调参,E174,174,E,500
cutesv调参,F174,174,F,0.3
cutesv调参,G174,174,G,0.9098
cutesv调参,H174,174,H,0.6832
cutesv调参,I174,174,I,0.7804
cutesv调参,J174,174,J,0.7884
cutesv调参,K174,174,K,0.7173
cutesv调参,L174,174,L,0.4668
cutesv调参,M174,174,M,0.5655
cutesv调参,N174,174,N,19211
cutesv调参,O174,174,O,16642
cutesv调参,P174,174,P,1650
cutesv调参,Q174,174,Q,8909
cutesv调参,R174,174,R,13120
cutesv调参,S174,174,S,3522
cutesv调参,T174,174,T,13126
cutesv调参,U174,174,U,6085
cutesv调参,V174,174,V,23113
cutesv调参,W174,174,W,17285
cutesv调参,X174,174,X,1007
cutesv调参,Y174,174,Y,5007
cutesv调参,Z174,174,Z,0.9449
cutesv调参,AA174,174,AA,0.8219
cutesv调参,AB174,174,AB,0.8792
cutesv调参,B175,175,B,cutesv_10_20_1000_0.3_500_0.5
cutesv调参,C175,175,C,1000
cutesv调参,D175,175,D,0.3
cutesv调参,E175,175,E,500
cutesv调参,F175,175,F,0.5
cutesv调参,G175,175,G,0.8645
cutesv调参,H175,175,H,0.6743
cutesv调参,I175,175,I,0.7576
cutesv调参,J175,175,J,0.7779
cutesv调参,K175,175,K,0.6725
cutesv调参,L175,175,L,0.4525
cutesv调参,M175,175,M,0.541
cutesv调参,N175,175,N,18960
cutesv调参,O175,175,O,16347
cutesv调参,P175,175,P,2562
cutesv调参,Q175,175,Q,9159
cutesv调参,R175,175,R,12716
cutesv调参,S175,175,S,3631
cutesv调参,T175,175,T,12724
cutesv调参,U175,175,U,6236
cutesv调参,V175,175,V,22866
cutesv调参,W175,175,W,17028
cutesv调参,X175,175,X,1881
cutesv调参,Y175,175,Y,5253
cutesv调参,Z175,175,Z,0.9005
cutesv调参,AA175,175,AA,0.8132
cutesv调参,AB175,175,AB,0.8546
cutesv调参,B176,176,B,cutesv_10_20_1000_0.3_500_0.9
cutesv调参,C176,176,C,1000
cutesv调参,D176,176,D,0.3
cutesv调参,E176,176,E,500
cutesv调参,F176,176,F,0.9
cutesv调参,G176,176,G,0.7737
cutesv调参,H176,176,H,0.6636
cutesv调参,I176,176,I,0.7144
cutesv调参,J176,176,J,0.7683
cutesv调参,K176,176,K,0.5945
cutesv调参,L176,176,L,0.4384
cutesv调参,M176,176,M,0.5046
cutesv调参,N176,176,N,18659
cutesv调参,O176,176,O,16031
cutesv调参,P176,176,P,4688
cutesv调参,Q176,176,Q,9460
cutesv调参,R176,176,R,12317
cutesv调参,S176,176,S,3714
cutesv调参,T176,176,T,12326
cutesv调参,U176,176,U,6333
cutesv调参,V176,176,V,22707
cutesv调参,W176,176,W,16865
cutesv调参,X176,176,X,3854
cutesv调参,Y176,176,Y,5412
cutesv调参,Z176,176,Z,0.814
cutesv调参,AA176,176,AA,0.8075
cutesv调参,AB176,176,AB,0.8107
cutesv调参,B177,177,B,cutesv_10_20_1000_0.3_1000_0.3
cutesv调参,C177,177,C,1000
cutesv调参,D177,177,D,0.3
cutesv调参,E177,177,E,1000
cutesv调参,F177,177,F,0.3
cutesv调参,G177,177,G,0.8484
cutesv调参,H177,177,H,0.6325
cutesv调参,I177,177,I,0.7247
cutesv调参,J177,177,J,0.7768
cutesv调参,K177,177,K,0.659
cutesv调参,L177,177,L,0.4235
cutesv调参,M177,177,M,0.5157
cutesv调参,N177,177,N,17784
cutesv调参,O177,177,O,15318
cutesv调参,P177,177,P,2737
cutesv调参,Q177,177,Q,10331
cutesv调参,R177,177,R,11899
cutesv调参,S177,177,S,3419
cutesv调参,T177,177,T,11907
cutesv调参,U177,177,U,5877
cutesv调参,V177,177,V,21831
cutesv调参,W177,177,W,16039
cutesv调参,X177,177,X,2016
cutesv调参,Y177,177,Y,6284
cutesv调参,Z177,177,Z,0.8883
cutesv调参,AA177,177,AA,0.7765
cutesv调参,AB177,177,AB,0.8287
cutesv调参,B178,178,B,cutesv_10_20_1000_0.3_1000_0.5
cutesv调参,C178,178,C,1000
cutesv调参,D178,178,D,0.3
cutesv调参,E178,178,E,1000
cutesv调参,F178,178,F,0.5
cutesv调参,G178,178,G,0.7676
cutesv调参,H178,178,H,0.6136
cutesv调参,I178,178,I,0.682
cutesv调参,J178,178,J,0.7634
cutesv调参,K178,178,K,0.586
cutesv调参,L178,178,L,0.4016
cutesv调参,M178,178,M,0.4766
cutesv调参,N178,178,N,17252
cutesv调参,O178,178,O,14780
cutesv调参,P178,178,P,4474
cutesv调参,Q178,178,Q,10863
cutesv调参,R178,178,R,11283
cutesv调参,S178,178,S,3497
cutesv调参,T178,178,T,11290
cutesv调参,U178,178,U,5962
cutesv调参,V178,178,V,21387
cutesv调参,W178,178,W,15590
cutesv调参,X178,178,X,3664
cutesv调参,Y178,178,Y,6728
cutesv调参,Z178,178,Z,0.8097
cutesv调参,AA178,178,AA,0.7607
cutesv调参,AB178,178,AB,0.7844
cutesv调参,B179,179,B,cutesv_10_20_1000_0.3_1000_0.9
cutesv调参,C179,179,C,1000
cutesv调参,D179,179,D,0.3
cutesv调参,E179,179,E,1000
cutesv调参,F179,179,F,0.9
cutesv调参,G179,179,G,0.6255
cutesv调参,H179,179,H,0.5919
cutesv调参,I179,179,I,0.6083
cutesv调参,J179,179,J,0.7475
cutesv调参,K179,179,K,0.4676
cutesv调参,L179,179,L,0.377
cutesv调参,M179,179,M,0.4174
cutesv调参,N179,179,N,16642
cutesv调参,O179,179,O,14169
cutesv调参,P179,179,P,8483
cutesv调参,Q179,179,Q,11473
cutesv调参,R179,179,R,10591
cutesv调参,S179,179,S,3578
cutesv调参,T179,179,T,10599
cutesv调参,U179,179,U,6043
cutesv调参,V179,179,V,20971
cutesv调参,W179,179,W,15178
cutesv调参,X179,179,X,7474
cutesv调参,Y179,179,Y,7144
cutesv调参,Z179,179,Z,0.6701
cutesv调参,AA179,179,AA,0.7459
cutesv调参,AB179,179,AB,0.7059
cutesv调参,B180,180,B,cutesv_10_20_1000_0.5_100_0.3
cutesv调参,C180,180,C,1000
cutesv调参,D180,180,D,0.5
cutesv调参,E180,180,E,100
cutesv调参,F180,180,F,0.3
cutesv调参,G180,180,G,0.9247
cutesv调参,H180,180,H,0.6956
cutesv调参,I180,180,I,0.794
cutesv调参,J180,180,J,0.7786
cutesv调参,K180,180,K,0.72
cutesv调参,L180,180,L,0.4682
cutesv调参,M180,180,M,0.5675
cutesv调参,N180,180,N,19563
cutesv调参,O180,180,O,16909
cutesv调参,P180,180,P,1377
cutesv调参,Q180,180,Q,8561
cutesv调参,R180,180,R,13166
cutesv调参,S180,180,S,3743
cutesv调参,T180,180,T,13169
cutesv调参,U180,180,U,6394
cutesv调参,V180,180,V,23314
cutesv调参,W180,180,W,17704
cutesv调参,X180,180,X,582
cutesv调参,Y180,180,Y,4810
cutesv调参,Z180,180,Z,0.9682
cutesv调参,AA180,180,AA,0.829
cutesv调参,AB180,180,AB,0.8932
cutesv调参,B181,181,B,cutesv_10_20_1000_0.5_100_0.5
cutesv调参,C181,181,C,1000
cutesv调参,D181,181,D,0.5
cutesv调参,E181,181,E,100
cutesv调参,F181,181,F,0.5
cutesv调参,G181,181,G,0.9196
cutesv调参,H181,181,H,0.6914
cutesv调参,I181,181,I,0.7893
cutesv调参,J181,181,J,0.7708
cutesv调参,K181,181,K,0.7088
cutesv调参,L181,181,L,0.4588
cutesv调参,M181,181,M,0.557
cutesv调参,N181,181,N,19445
cutesv调参,O181,181,O,16736
cutesv调参,P181,181,P,1464
cutesv调参,Q181,181,Q,8680
cutesv调参,R181,181,R,12900
cutesv调参,S181,181,S,3836
cutesv调参,T181,181,T,12904
cutesv调参,U181,181,U,6541
cutesv调参,V181,181,V,23212
cutesv调参,W181,181,W,17573
cutesv调参,X181,181,X,627
cutesv调参,Y181,181,Y,4913
cutesv调参,Z181,181,Z,0.9655
cutesv调参,AA181,181,AA,0.8253
cutesv调参,AB181,181,AB,0.8899
cutesv调参,B182,182,B,cutesv_10_20_1000_0.5_100_0.9
cutesv调参,C182,182,C,1000
cutesv调参,D182,182,D,0.5
cutesv调参,E182,182,E,100
cutesv调参,F182,182,F,0.9
cutesv调参,G182,182,G,0.9121
cutesv调参,H182,182,H,0.6851
cutesv调参,I182,182,I,0.7825
cutesv调参,J182,182,J,0.7649
cutesv调参,K182,182,K,0.6976
cutesv调参,L182,182,L,0.4501
cutesv调参,M182,182,M,0.5471
cutesv调参,N182,182,N,19268
cutesv调参,O182,182,O,16543
cutesv调参,P182,182,P,1594
cutesv调参,Q182,182,Q,8857
cutesv调参,R182,182,R,12653
cutesv调参,S182,182,S,3890
cutesv调参,T182,182,T,12658
cutesv调参,U182,182,U,6610
cutesv调参,V182,182,V,23053
cutesv调参,W182,182,W,17429
cutesv调参,X182,182,X,708
cutesv调参,Y182,182,Y,5072
cutesv调参,Z182,182,Z,0.961
cutesv调参,AA182,182,AA,0.8197
cutesv调参,AB182,182,AB,0.8847
cutesv调参,B183,183,B,cutesv_10_20_1000_0.5_500_0.3
cutesv调参,C183,183,C,1000
cutesv调参,D183,183,D,0.5
cutesv调参,E183,183,E,500
cutesv调参,F183,183,F,0.3
cutesv调参,G183,183,G,0.9047
cutesv调参,H183,183,H,0.6728
cutesv调参,I183,183,I,0.7717
cutesv调参,J183,183,J,0.7717
cutesv调参,K183,183,K,0.6981
cutesv调参,L183,183,L,0.4463
cutesv调参,M183,183,M,0.5445
cutesv调参,N183,183,N,18919
cutesv调参,O183,183,O,16257
cutesv调参,P183,183,P,1713
cutesv调参,Q183,183,Q,9201
cutesv调参,R183,183,R,12545
cutesv调参,S183,183,S,3712
cutesv调参,T183,183,T,12551
cutesv调参,U183,183,U,6368
cutesv调参,V183,183,V,22884
cutesv调参,W183,183,W,16933
cutesv调参,X183,183,X,1037
cutesv调参,Y183,183,Y,5236
cutesv调参,Z183,183,Z,0.9423
cutesv调参,AA183,183,AA,0.8138
cutesv调参,AB183,183,AB,0.8733
cutesv调参,B184,184,B,cutesv_10_20_1000_0.5_500_0.5
cutesv调参,C184,184,C,1000
cutesv调参,D184,184,D,0.5
cutesv调参,E184,184,E,500
cutesv调参,F184,184,F,0.5
cutesv调参,G184,184,G,0.8588
cutesv调参,H184,184,H,0.6639
cutesv调参,I184,184,I,0.7489
cutesv调参,J184,184,J,0.7606
cutesv调参,K184,184,K,0.6532
cutesv调参,L184,184,L,0.4321
cutesv调参,M184,184,M,0.5201
cutesv调参,N184,184,N,18668
cutesv调参,O184,184,O,15962
cutesv调参,P184,184,P,2625
cutesv调参,Q184,184,Q,9451
cutesv调参,R184,184,R,12141
cutesv调参,S184,184,S,3821
cutesv调参,T184,184,T,12149
cutesv调参,U184,184,U,6519
cutesv调参,V184,184,V,22632
cutesv调参,W184,184,W,16677
cutesv调参,X184,184,X,1910
cutesv调参,Y184,184,Y,5487
cutesv调参,Z184,184,Z,0.8972
cutesv调参,AA184,184,AA,0.8049
cutesv调参,AB184,184,AB,0.8485
cutesv调参,B185,185,B,cutesv_10_20_1000_0.5_500_0.9
cutesv调参,C185,185,C,1000
cutesv调参,D185,185,D,0.5
cutesv调参,E185,185,E,500
cutesv调参,F185,185,F,0.9
cutesv调参,G185,185,G,0.7671
cutesv调参,H185,185,H,0.6532
cutesv调参,I185,185,I,0.7056
cutesv调参,J185,185,J,0.7505
cutesv调参,K185,185,K,0.5757
cutesv调参,L185,185,L,0.4179
cutesv调参,M185,185,M,0.4843
cutesv调参,N185,185,N,18367
cutesv调参,O185,185,O,15646
cutesv调参,P185,185,P,4751
cutesv调参,Q185,185,Q,9752
cutesv调参,R185,185,R,11742
cutesv调参,S185,185,S,3904
cutesv调参,T185,185,T,11751
cutesv调参,U185,185,U,6616
cutesv调参,V185,185,V,22473
cutesv调参,W185,185,W,16511
cutesv调参,X185,185,X,3886
cutesv调参,Y185,185,Y,5646
cutesv调参,Z185,185,Z,0.8095
cutesv调参,AA185,185,AA,0.7992
cutesv调参,AB185,185,AB,0.8043
cutesv调参,B186,186,B,cutesv_10_20_1000_0.5_1000_0.3
cutesv调参,C186,186,C,1000
cutesv调参,D186,186,D,0.5
cutesv调参,E186,186,E,1000
cutesv调参,F186,186,F,0.3
cutesv调参,G186,186,G,0.8421
cutesv调参,H186,186,H,0.6222
cutesv调参,I186,186,I,0.7156
cutesv调参,J186,186,J,0.7583
cutesv调参,K186,186,K,0.6386
cutesv调参,L186,186,L,0.4031
cutesv调参,M186,186,M,0.4942
cutesv调参,N186,186,N,17492
cutesv调参,O186,186,O,14933
cutesv调参,P186,186,P,2800
cutesv调参,Q186,186,Q,10623
cutesv调参,R186,186,R,11324
cutesv调参,S186,186,S,3609
cutesv调参,T186,186,T,11332
cutesv调参,U186,186,U,6160
cutesv调参,V186,186,V,21652
cutesv调参,W186,186,W,15683
cutesv调参,X186,186,X,2050
cutesv调参,Y186,186,Y,6463
cutesv调参,Z186,186,Z,0.8844
cutesv调参,AA186,186,AA,0.7701
cutesv调参,AB186,186,AB,0.8233
cutesv调参,B187,187,B,cutesv_10_20_1000_0.5_1000_0.5
cutesv调参,C187,187,C,1000
cutesv调参,D187,187,D,0.5
cutesv调参,E187,187,E,1000
cutesv调参,F187,187,F,0.5
cutesv调参,G187,187,G,0.7604
cutesv调参,H187,187,H,0.6032
cutesv调参,I187,187,I,0.6727
cutesv调参,J187,187,J,0.7439
cutesv调参,K187,187,K,0.5656
cutesv调参,L187,187,L,0.3811
cutesv调参,M187,187,M,0.4554
cutesv调参,N187,187,N,16960
cutesv调参,O187,187,O,14395
cutesv调参,P187,187,P,4537
cutesv调参,Q187,187,Q,11155
cutesv调参,R187,187,R,10708
cutesv调参,S187,187,S,3687
cutesv调参,T187,187,T,10715
cutesv调参,U187,187,U,6245
cutesv调参,V187,187,V,21150
cutesv调参,W187,187,W,15226
cutesv调参,X187,187,X,3706
cutesv调参,Y187,187,Y,6965
cutesv调参,Z187,187,Z,0.8042
cutesv调参,AA187,187,AA,0.7523
cutesv调参,AB187,187,AB,0.7774
cutesv调参,B188,188,B,cutesv_10_20_1000_0.5_1000_0.9
cutesv调参,C188,188,C,1000
cutesv调参,D188,188,D,0.5
cutesv调参,E188,188,E,1000
cutesv调参,F188,188,F,0.9
cutesv调参,G188,188,G,0.6173
cutesv调参,H188,188,H,0.5815
cutesv调参,I188,188,I,0.5989
cutesv调参,J188,188,J,0.7266
cutesv调参,K188,188,K,0.4485
cutesv调参,L188,188,L,0.3565
cutesv调参,M188,188,M,0.3973
cutesv调参,N188,188,N,16350
cutesv调参,O188,188,O,13784
cutesv调参,P188,188,P,8546
cutesv调参,Q188,188,Q,11765
cutesv调参,R188,188,R,10016
cutesv调参,S188,188,S,3768
cutesv调参,T188,188,T,10024
cutesv调参,U188,188,U,6326
cutesv调参,V188,188,V,20680
cutesv调参,W188,188,W,14803
cutesv调参,X188,188,X,7527
cutesv调参,Y188,188,Y,7435
cutesv调参,Z188,188,Z,0.6629
cutesv调参,AA188,188,AA,0.7356
cutesv调参,AB188,188,AB,0.6973
cutesv调参,B189,189,B,cutesv_10_20_1000_0.9_100_0.3
cutesv调参,C189,189,C,1000
cutesv调参,D189,189,D,0.9
cutesv调参,E189,189,E,100
cutesv调参,F189,189,F,0.3
cutesv调参,G189,189,G,0.916
cutesv调参,H189,189,H,0.6796
cutesv调参,I189,189,I,0.7803
cutesv调参,J189,189,J,0.7642
cutesv调参,K189,189,K,0.7
cutesv调参,L189,189,L,0.4467
cutesv调参,M189,189,M,0.5454
cutesv调参,N189,189,N,19112
cutesv调参,O189,189,O,16435
cutesv调参,P189,189,P,1507
cutesv调参,Q189,189,Q,9012
cutesv调参,R189,189,R,12560
cutesv调参,S189,189,S,3875
cutesv调参,T189,189,T,12563
cutesv调参,U189,189,U,6549
cutesv调参,V189,189,V,22986
cutesv调参,W189,189,W,17267
cutesv调参,X189,189,X,675
cutesv调参,Y189,189,Y,5138
cutesv调参,Z189,189,Z,0.9624
cutesv调参,AA189,189,AA,0.8173
cutesv调参,AB189,189,AB,0.8839
cutesv调参,B190,190,B,cutesv_10_20_1000_0.9_100_0.5
cutesv调参,C190,190,C,1000
cutesv调参,D190,190,D,0.9
cutesv调参,E190,190,E,100
cutesv调参,F190,190,F,0.5
cutesv调参,G190,190,G,0.9107
cutesv调参,H190,190,H,0.6753
cutesv调参,I190,190,I,0.7756
cutesv调参,J190,190,J,0.756
cutesv调参,K190,190,K,0.6885
cutesv调参,L190,190,L,0.4373
cutesv调参,M190,190,M,0.5348
cutesv调参,N190,190,N,18994
cutesv调参,O190,190,O,16262
cutesv调参,P190,190,P,1594
cutesv调参,Q190,190,Q,9131
cutesv调参,R190,190,R,12294
cutesv调参,S190,190,S,3968
cutesv调参,T190,190,T,12298
cutesv调参,U190,190,U,6696
cutesv调参,V190,190,V,22876
cutesv调参,W190,190,W,17135
cutesv调参,X190,190,X,721
cutesv调参,Y190,190,Y,5249
cutesv调参,Z190,190,Z,0.9596
cutesv调参,AA190,190,AA,0.8134
cutesv调参,AB190,190,AB,0.8805
cutesv调参,B191,191,B,cutesv_10_20_1000_0.9_100_0.9
cutesv调参,C191,191,C,1000
cutesv调参,D191,191,D,0.9
cutesv调参,E191,191,E,100
cutesv调参,F191,191,F,0.9
cutesv调参,G191,191,G,0.9031
cutesv调参,H191,191,H,0.669
cutesv调参,I191,191,I,0.7687
cutesv调参,J191,191,J,0.7497
cutesv调参,K191,191,K,0.6771
cutesv调参,L191,191,L,0.4285
cutesv调参,M191,191,M,0.5249
cutesv调参,N191,191,N,18817
cutesv调参,O191,191,O,16069
cutesv调参,P191,191,P,1724
cutesv调参,Q191,191,Q,9308
cutesv调参,R191,191,R,12047
cutesv调参,S191,191,S,4022
cutesv调参,T191,191,T,12052
cutesv调参,U191,191,U,6765
cutesv调参,V191,191,V,22724
cutesv调参,W191,191,W,16997
cutesv调参,X191,191,X,796
cutesv调参,Y191,191,Y,5401
cutesv调参,Z191,191,Z,0.9553
cutesv调参,AA191,191,AA,0.808
cutesv调参,AB191,191,AB,0.8755
cutesv调参,B192,192,B,cutesv_10_20_1000_0.9_500_0.3
cutesv调参,C192,192,C,1000
cutesv调参,D192,192,D,0.9
cutesv调参,E192,192,E,500
cutesv调参,F192,192,F,0.3
cutesv调参,G192,192,G,0.8954
cutesv调参,H192,192,H,0.6568
cutesv调参,I192,192,I,0.7577
cutesv调参,J192,192,J,0.7564
cutesv调参,K192,192,K,0.6774
cutesv调参,L192,192,L,0.4248
cutesv调参,M192,192,M,0.5221
cutesv调参,N192,192,N,18468
cutesv调参,O192,192,O,15783
cutesv调参,P192,192,P,1843
cutesv调参,Q192,192,Q,9652
cutesv调参,R192,192,R,11939
cutesv调参,S192,192,S,3844
cutesv调参,T192,192,T,11945
cutesv调参,U192,192,U,6523
cutesv调参,V192,192,V,22583
cutesv调参,W192,192,W,16501
cutesv调参,X192,192,X,1125
cutesv调参,Y192,192,Y,5537
cutesv调参,Z192,192,Z,0.9362
cutesv调参,AA192,192,AA,0.8031
cutesv调参,AB192,192,AB,0.8645
cutesv调参,B193,193,B,cutesv_10_20_1000_0.9_500_0.5
cutesv调参,C193,193,C,1000
cutesv调参,D193,193,D,0.9
cutesv调参,E193,193,E,500
cutesv调参,F193,193,F,0.5
cutesv调参,G193,193,G,0.849
cutesv调参,H193,193,H,0.6479
cutesv调参,I193,193,I,0.7349
cutesv调参,J193,193,J,0.7448
cutesv调参,K193,193,K,0.6323
cutesv调参,L193,193,L,0.4105
cutesv调参,M193,193,M,0.4978
cutesv调参,N193,193,N,18217
cutesv调参,O193,193,O,15488
cutesv调参,P193,193,P,2755
cutesv调参,Q193,193,Q,9902
cutesv调参,R193,193,R,11535
cutesv调参,S193,193,S,3953
cutesv调参,T193,193,T,11543
cutesv调参,U193,193,U,6674
cutesv调参,V193,193,V,22378
cutesv调参,W193,193,W,16243
cutesv调参,X193,193,X,2000
cutesv调参,Y193,193,Y,5741
cutesv调参,Z193,193,Z,0.8904
cutesv调参,AA193,193,AA,0.7958
cutesv调参,AB193,193,AB,0.8405
cutesv调参,B194,194,B,cutesv_10_20_1000_0.9_500_0.9
cutesv调参,C194,194,C,1000
cutesv调参,D194,194,D,0.9
cutesv调参,E194,194,E,500
cutesv调参,F194,194,F,0.9
cutesv调参,G194,194,G,0.7566
cutesv调参,H194,194,H,0.6371
cutesv调参,I194,194,I,0.6918
cutesv调参,J194,194,J,0.734
cutesv调参,K194,194,K,0.5553
cutesv调参,L194,194,L,0.3964
cutesv调参,M194,194,M,0.4626
cutesv调参,N194,194,N,17916
cutesv调参,O194,194,O,15172
cutesv调参,P194,194,P,4881
cutesv调参,Q194,194,Q,10203
cutesv调参,R194,194,R,11136
cutesv调参,S194,194,S,4036
cutesv调参,T194,194,T,11145
cutesv调参,U194,194,U,6771
cutesv调参,V194,194,V,22180
cutesv调参,W194,194,W,16070
cutesv调参,X194,194,X,3983
cutesv调参,Y194,194,Y,5939
cutesv调参,Z194,194,Z,0.8014
cutesv调参,AA194,194,AA,0.7888
cutesv调参,AB194,194,AB,0.795
cutesv调参,B195,195,B,cutesv_10_20_1000_0.9_1000_0.3
cutesv调参,C195,195,C,1000
cutesv调参,D195,195,D,0.9
cutesv调参,E195,195,E,1000
cutesv调参,F195,195,F,0.3
cutesv调参,G195,195,G,0.8315
cutesv调参,H195,195,H,0.6061
cutesv调参,I195,195,I,0.7011
cutesv调参,J195,195,J,0.7413
cutesv调参,K195,195,K,0.6164
cutesv调参,L195,195,L,0.3815
cutesv调参,M195,195,M,0.4713
cutesv调参,N195,195,N,17041
cutesv调参,O195,195,O,14459
cutesv调参,P195,195,P,2930
cutesv调参,Q195,195,Q,11074
cutesv调参,R195,195,R,10718
cutesv调参,S195,195,S,3741
cutesv调参,T195,195,T,10726
cutesv调参,U195,195,U,6315
cutesv调参,V195,195,V,21363
cutesv调参,W195,195,W,15247
cutesv调参,X195,195,X,2142
cutesv调参,Y195,195,Y,6752
cutesv调参,Z195,195,Z,0.8768
cutesv调参,AA195,195,AA,0.7598
cutesv调参,AB195,195,AB,0.8142
cutesv调参,B196,196,B,cutesv_10_20_1000_0.9_1000_0.5
cutesv调参,C196,196,C,1000
cutesv调参,D196,196,D,0.9
cutesv调参,E196,196,E,1000
cutesv调参,F196,196,F,0.5
cutesv调参,G196,196,G,0.7489
cutesv调参,H196,196,H,0.5872
cutesv调参,I196,196,I,0.6583
cutesv调参,J196,196,J,0.7257
cutesv调参,K196,196,K,0.5435
cutesv调参,L196,196,L,0.3596
cutesv调参,M196,196,M,0.4328
cutesv调参,N196,196,N,16509
cutesv调参,O196,196,O,13921
cutesv调参,P196,196,P,4667
cutesv调参,Q196,196,Q,11606
cutesv调参,R196,196,R,10102
cutesv调参,S196,196,S,3819
cutesv调参,T196,196,T,10109
cutesv调参,U196,196,U,6400
cutesv调参,V196,196,V,20850
cutesv调参,W196,196,W,14781
cutesv调参,X196,196,X,3807
cutesv调参,Y196,196,Y,7265
cutesv调参,Z196,196,Z,0.7952
cutesv调参,AA196,196,AA,0.7416
cutesv调参,AB196,196,AB,0.7675
cutesv调参,B197,197,B,cutesv_10_20_1000_0.9_1000_0.9
cutesv调参,C197,197,C,1000
cutesv调参,D197,197,D,0.9
cutesv调参,E197,197,E,1000
cutesv调参,F197,197,F,0.9
cutesv调参,G197,197,G,0.6054
cutesv调参,H197,197,H,0.5655
cutesv调参,I197,197,I,0.5848
cutesv调参,J197,197,J,0.707
cutesv调参,K197,197,K,0.428
cutesv调参,L197,197,L,0.335
cutesv调参,M197,197,M,0.3758
cutesv调参,N197,197,N,15899
cutesv调参,O197,197,O,13310
cutesv调参,P197,197,P,8676
cutesv调参,Q197,197,Q,12216
cutesv调参,R197,197,R,9410
cutesv调参,S197,197,S,3900
cutesv调参,T197,197,T,9418
cutesv调参,U197,197,U,6481
cutesv调参,V197,197,V,20354
cutesv调参,W197,197,W,14344
cutesv调参,X197,197,X,7642
cutesv调参,Y197,197,Y,7761
cutesv调参,Z197,197,Z,0.6524
cutesv调参,AA197,197,AA,0.724
cutesv调参,AB197,197,AB,0.6863
cutesv调参,A200,200,A,蓝色为 -q 10 下，某一列指标的最优值
cutesv调参,A201,201,A,橙色为 -q 20 下，某一列指标的最优值
cutesv调参(结果),A1,1,A,最佳组：R2_02_support_s3_q20；refine 为全基因组合并口径 refine.variant_summary.json；局部 phab_bench 指标未混入本表。
cutesv调参(结果),A2,2,A,基本信息
cutesv调参(结果),D2,2,D,cuteSV 参数
cutesv调参(结果),L2,2,L,raw
cutesv调参(结果),AA2,2,AA,refine
cutesv调参(结果),A3,3,A,工具
cutesv调参(结果),B3,3,B,数据
cutesv调参(结果),C3,3,C,深度
cutesv调参(结果),D3,3,D,参考基因组
cutesv调参(结果),E3,3,E,run_id
cutesv调参(结果),F3,3,F,-s
cutesv调参(结果),G3,3,G,-q
cutesv调参(结果),H3,3,H,max_cluster_bias_INS
cutesv调参(结果),I3,3,I,diff_ratio_merging_INS
cutesv调参(结果),J3,3,J,max_cluster_bias_DEL
cutesv调参(结果),K3,3,K,diff_ratio_merging_DEL
cutesv调参(结果),L3,3,L,precision
cutesv调参(结果),M3,3,M,recall
cutesv调参(结果),N3,3,N,F1
cutesv调参(结果),O3,3,O,concordance
cutesv调参(结果),P3,3,P,gt-precision
cutesv调参(结果),Q3,3,Q,gt-recall
cutesv调参(结果),R3,3,R,gt-F1
cutesv调参(结果),S3,3,S,tp-base
cutesv调参(结果),T3,3,T,tp-call
cutesv调参(结果),U3,3,U,fp
cutesv调参(结果),V3,3,V,fn
cutesv调参(结果),W3,3,W,TP-call-TP
cutesv调参(结果),X3,3,X,TP-call-FP
cutesv调参(结果),Y3,3,Y,TP-base-TP
cutesv调参(结果),Z3,3,Z,TP-base-FP
cutesv调参(结果),AA3,3,AA,tp-base
cutesv调参(结果),AB3,3,AB,tp-call
cutesv调参(结果),AC3,3,AC,fp
cutesv调参(结果),AD3,3,AD,fn
cutesv调参(结果),AE3,3,AE,precision
cutesv调参(结果),AF3,3,AF,recall
cutesv调参(结果),AG3,3,AG,F1
cutesv调参(结果),A4,4,A,cuteSV
cutesv调参(结果),B4,4,B,BGI_latest
cutesv调参(结果),C4,4,C,50x
cutesv调参(结果),D4,4,D,GRCh38
cutesv调参(结果),E4,4,E,R2_02_support_s3_q20
cutesv调参(结果),F4,4,F,3
cutesv调参(结果),G4,4,G,20
cutesv调参(结果),H4,4,H,100
cutesv调参(结果),I4,4,I,0.3
cutesv调参(结果),J4,4,J,100
cutesv调参(结果),K4,4,K,0.3
cutesv调参(结果),L4,4,L,0.9249
cutesv调参(结果),M4,4,M,0.7331
cutesv调参(结果),N4,4,N,0.8179
cutesv调参(结果),O4,4,O,0.7937
cutesv调参(结果),P4,4,P,0.7341
cutesv调参(结果),Q4,4,Q,0.5083
cutesv调参(结果),R4,4,R,0.6007
cutesv调参(结果),S4,4,S,20619
cutesv调参(结果),T4,4,T,18011
cutesv调参(结果),U4,4,U,1463
cutesv调参(结果),V4,4,V,7507
cutesv调参(结果),W4,4,W,14296
cutesv调参(结果),X4,4,X,3715
cutesv调参(结果),Y4,4,Y,14296
cutesv调参(结果),Z4,4,Z,6323
cutesv调参(结果),AA4,4,AA,24094
cutesv调参(结果),AB4,4,AB,18899
cutesv调参(结果),AC4,4,AC,575
cutesv调参(结果),AD4,4,AD,4032
cutesv调参(结果),AE4,4,AE,0.9705
cutesv调参(结果),AF4,4,AF,0.8566
cutesv调参(结果),AG4,4,AG,0.91
cutesv调参(结果),A6,6,A,cuteSV BGI 50x Round2 参数对比（GRCh38 / minimap2）
cutesv调参(结果),A7,7,A,raw 与 refine 均覆盖全部14组；refine 为全基因组合并口径 refine.variant_summary.json，参数固定为 mafft -t 8 -u。
cutesv调参(结果),A8,8,A,基本信息
cutesv调参(结果),G8,8,G,cuteSV 参数
cutesv调参(结果),M8,8,M,raw
cutesv调参(结果),AB8,8,AB,refine
cutesv调参(结果),A9,9,A,工具
cutesv调参(结果),B9,9,B,数据
cutesv调参(结果),C9,9,C,深度
cutesv调参(结果),D9,9,D,参考基因组
cutesv调参(结果),E9,9,E,run_id
cutesv调参(结果),F9,9,F,实验组
cutesv调参(结果),G9,9,G,-s
cutesv调参(结果),H9,9,H,-q
cutesv调参(结果),I9,9,I,INS bias
cutesv调参(结果),J9,9,J,INS ratio
cutesv调参(结果),K9,9,K,DEL bias
cutesv调参(结果),L9,9,L,DEL ratio
cutesv调参(结果),M9,9,M,precision
cutesv调参(结果),N9,9,N,recall
cutesv调参(结果),O9,9,O,F1
cutesv调参(结果),P9,9,P,concordance
cutesv调参(结果),Q9,9,Q,gt-precision
cutesv调参(结果),R9,9,R,gt-recall
cutesv调参(结果),S9,9,S,gt-F1
cutesv调参(结果),T9,9,T,tp-base
cutesv调参(结果),U9,9,U,tp-call
cutesv调参(结果),V9,9,V,fp
cutesv调参(结果),W9,9,W,fn
cutesv调参(结果),X9,9,X,TP-call-TP
cutesv调参(结果),Y9,9,Y,TP-call-FP
cutesv调参(结果),Z9,9,Z,TP-base-TP
cutesv调参(结果),AA9,9,AA,TP-base-FP
cutesv调参(结果),AB9,9,AB,tp-base
cutesv调参(结果),AC9,9,AC,tp-call
cutesv调参(结果),AD9,9,AD,fp
cutesv调参(结果),AE9,9,AE,fn
cutesv调参(结果),AF9,9,AF,precision
cutesv调参(结果),AG9,9,AG,recall
cutesv调参(结果),AH9,9,AH,F1
cutesv调参(结果),A10,10,A,cuteSV
cutesv调参(结果),B10,10,B,BGI_latest
cutesv调参(结果),C10,10,C,50x
cutesv调参(结果),D10,10,D,GRCh38
cutesv调参(结果),E10,10,E,R2_01_baseline_s5_q20
cutesv调参(结果),F10,10,F,baseline
cutesv调参(结果),G10,10,G,5
cutesv调参(结果),H10,10,H,20
cutesv调参(结果),I10,10,I,100
cutesv调参(结果),J10,10,J,0.3
cutesv调参(结果),K10,10,K,100
cutesv调参(结果),L10,10,L,0.3
cutesv调参(结果),M10,10,M,0.9262
cutesv调参(结果),N10,10,N,0.7282
cutesv调参(结果),O10,10,O,0.8153
cutesv调参(结果),P10,10,P,0.7947
cutesv调参(结果),Q10,10,Q,0.736
cutesv调参(结果),R10,10,R,0.5054
cutesv调参(结果),S10,10,S,0.5992
cutesv调参(结果),T10,10,T,20480
cutesv调参(结果),U10,10,U,17885
cutesv调参(结果),V10,10,V,1426
cutesv调参(结果),W10,10,W,7645
cutesv调参(结果),X10,10,X,14213
cutesv调参(结果),Y10,10,Y,3672
cutesv调参(结果),Z10,10,Z,14213
cutesv调参(结果),AA10,10,AA,6267
cutesv调参(结果),AB10,10,AB,23916
cutesv调参(结果),AC10,10,AC,18735
cutesv调参(结果),AD10,10,AD,576
cutesv调参(结果),AE10,10,AE,4209
cutesv调参(结果),AF10,10,AF,0.9702
cutesv调参(结果),AG10,10,AG,0.8503
cutesv调参(结果),AH10,10,AH,0.9063
cutesv调参(结果),E11,11,E,R2_02_support_s3_q20
cutesv调参(结果),F11,11,F,support_finetune
cutesv调参(结果),G11,11,G,3
cutesv调参(结果),H11,11,H,20
cutesv调参(结果),I11,11,I,100
cutesv调参(结果),J11,11,J,0.3
cutesv调参(结果),K11,11,K,100
cutesv调参(结果),L11,11,L,0.3
cutesv调参(结果),M11,11,M,0.9249
cutesv调参(结果),N11,11,N,0.7331
cutesv调参(结果),O11,11,O,0.8179
cutesv调参(结果),P11,11,P,0.7937
cutesv调参(结果),Q11,11,Q,0.7341
cutesv调参(结果),R11,11,R,0.5083
cutesv调参(结果),S11,11,S,0.6007
cutesv调参(结果),T11,11,T,20619
cutesv调参(结果),U11,11,U,18011
cutesv调参(结果),V11,11,V,1463
cutesv调参(结果),W11,11,W,7507
cutesv调参(结果),X11,11,X,14296
cutesv调参(结果),Y11,11,Y,3715
cutesv调参(结果),Z11,11,Z,14296
cutesv调参(结果),AA11,11,AA,6323
cutesv调参(结果),AB11,11,AB,24094
cutesv调参(结果),AC11,11,AC,18899
cutesv调参(结果),AD11,11,AD,575
cutesv调参(结果),AE11,11,AE,4032
cutesv调参(结果),AF11,11,AF,0.9705
cutesv调参(结果),AG11,11,AG,0.8566
cutesv调参(结果),AH11,11,AH,0.91
cutesv调参(结果),E12,12,E,R2_03_support_s4_q20
cutesv调参(结果),F12,12,F,support_finetune
cutesv调参(结果),G12,12,G,4
cutesv调参(结果),H12,12,H,20
cutesv调参(结果),I12,12,I,100
cutesv调参(结果),J12,12,J,0.3
cutesv调参(结果),K12,12,K,100
cutesv调参(结果),L12,12,L,0.3
cutesv调参(结果),M12,12,M,0.9255
cutesv调参(结果),N12,12,N,0.731
cutesv调参(结果),O12,12,O,0.8168
cutesv调参(结果),P12,12,P,0.7941
cutesv调参(结果),Q12,12,Q,0.7349
cutesv调参(结果),R12,12,R,0.507
cutesv调参(结果),S12,12,S,0.6
cutesv调参(结果),T12,12,T,20561
cutesv调参(结果),U12,12,U,17957
cutesv调参(结果),V12,12,V,1446
cutesv调参(结果),W12,12,W,7566
cutesv调参(结果),X12,12,X,14259
cutesv调参(结果),Y12,12,Y,3698
cutesv调参(结果),Z12,12,Z,14259
cutesv调参(结果),AA12,12,AA,6302
cutesv调参(结果),AB12,12,AB,24032
cutesv调参(结果),AC12,12,AC,18828
cutesv调参(结果),AD12,12,AD,575
cutesv调参(结果),AE12,12,AE,4095
cutesv调参(结果),AF12,12,AF,0.9704
cutesv调参(结果),AG12,12,AG,0.8544
cutesv调参(结果),AH12,12,AH,0.9087
cutesv调参(结果),E13,13,E,R2_04_support_s6_q20
cutesv调参(结果),F13,13,F,support_finetune
cutesv调参(结果),G13,13,G,6
cutesv调参(结果),H13,13,H,20
cutesv调参(结果),I13,13,I,100
cutesv调参(结果),J13,13,J,0.3
cutesv调参(结果),K13,13,K,100
cutesv调参(结果),L13,13,L,0.3
cutesv调参(结果),M13,13,M,0.9262
cutesv调参(结果),N13,13,N,0.727
cutesv调参(结果),O13,13,O,0.8146
cutesv调参(结果),P13,13,P,0.7951
cutesv调参(结果),Q13,13,Q,0.7364
cutesv调参(结果),R13,13,R,0.5048
cutesv调参(结果),S13,13,S,0.599
cutesv调参(结果),T13,13,T,20446
cutesv调参(结果),U13,13,U,17856
cutesv调参(结果),V13,13,V,1423
cutesv调参(结果),W13,13,W,7679
cutesv调参(结果),X13,13,X,14197
cutesv调参(结果),Y13,13,Y,3659
cutesv调参(结果),Z13,13,Z,14197
cutesv调参(结果),AA13,13,AA,6249
cutesv调参(结果),AB13,13,AB,23864
cutesv调参(结果),AC13,13,AC,18701
cutesv调参(结果),AD13,13,AD,578
cutesv调参(结果),AE13,13,AE,4261
cutesv调参(结果),AF13,13,AF,0.97
cutesv调参(结果),AG13,13,AG,0.8485
cutesv调参(结果),AH13,13,AH,0.9052
cutesv调参(结果),E14,14,E,R2_05_support_s8_q20
cutesv调参(结果),F14,14,F,support_finetune
cutesv调参(结果),G14,14,G,8
cutesv调参(结果),H14,14,H,20
cutesv调参(结果),I14,14,I,100
cutesv调参(结果),J14,14,J,0.3
cutesv调参(结果),K14,14,K,100
cutesv调参(结果),L14,14,L,0.3
cutesv调参(结果),M14,14,M,0.9265
cutesv调参(结果),N14,14,N,0.7235
cutesv调参(结果),O14,14,O,0.8125
cutesv调参(结果),P14,14,P,0.7965
cutesv调参(结果),Q14,14,Q,0.738
cutesv调参(结果),R14,14,R,0.5034
cutesv调参(结果),S14,14,S,0.5985
cutesv调参(结果),T14,14,T,20348
cutesv调参(结果),U14,14,U,17775
cutesv调参(结果),V14,14,V,1410
cutesv调参(结果),W14,14,W,7778
cutesv调参(结果),X14,14,X,14158
cutesv调参(结果),Y14,14,Y,3617
cutesv调参(结果),Z14,14,Z,14158
cutesv调参(结果),AA14,14,AA,6190
cutesv调参(结果),AB14,14,AB,23769
cutesv调参(结果),AC14,14,AC,18613
cutesv调参(结果),AD14,14,AD,572
cutesv调参(结果),AE14,14,AE,4357
cutesv调参(结果),AF14,14,AF,0.9702
cutesv调参(结果),AG14,14,AG,0.8451
cutesv调参(结果),AH14,14,AH,0.9033
cutesv调参(结果),E15,15,E,R2_06_bias_50_50_q20
cutesv调参(结果),F15,15,F,bias_linked
cutesv调参(结果),G15,15,G,5
cutesv调参(结果),H15,15,H,20
cutesv调参(结果),I15,15,I,50
cutesv调参(结果),J15,15,J,0.3
cutesv调参(结果),K15,15,K,50
cutesv调参(结果),L15,15,L,0.3
cutesv调参(结果),M15,15,M,0.9132
cutesv调参(结果),N15,15,N,0.732
cutesv调参(结果),O15,15,O,0.8126
cutesv调参(结果),P15,15,P,0.7985
cutesv调参(结果),Q15,15,Q,0.7292
cutesv调参(结果),R15,15,R,0.5157
cutesv调参(结果),S15,15,S,0.6041
cutesv调参(结果),T15,15,T,20590
cutesv调参(结果),U15,15,U,18169
cutesv调参(结果),V15,15,V,1728
cutesv调参(结果),W15,15,W,7537
cutesv调参(结果),X15,15,X,14508
cutesv调参(结果),Y15,15,Y,3661
cutesv调参(结果),Z15,15,Z,14505
cutesv调参(结果),AA15,15,AA,6085
cutesv调参(结果),AB15,15,AB,23801
cutesv调参(结果),AC15,15,AC,19197
cutesv调参(结果),AD15,15,AD,700
cutesv调参(结果),AE15,15,AE,4326
cutesv调参(结果),AF15,15,AF,0.9648
cutesv调参(结果),AG15,15,AG,0.8462
cutesv调参(结果),AH15,15,AH,0.9016
cutesv调参(结果),E16,16,E,R2_07_bias_200_200_q20
cutesv调参(结果),F16,16,F,bias_linked
cutesv调参(结果),G16,16,G,5
cutesv调参(结果),H16,16,H,20
cutesv调参(结果),I16,16,I,200
cutesv调参(结果),J16,16,J,0.3
cutesv调参(结果),K16,16,K,200
cutesv调参(结果),L16,16,L,0.3
cutesv调参(结果),M16,16,M,0.9327
cutesv调参(结果),N16,16,N,0.7143
cutesv调参(结果),O16,16,O,0.809
cutesv调参(结果),P16,16,P,0.7912
cutesv调参(结果),Q16,16,Q,0.738
cutesv调参(结果),R16,16,R,0.4914
cutesv调参(结果),S16,16,S,0.59
cutesv调参(结果),T16,16,T,20086
cutesv调参(结果),U16,16,U,17459
cutesv调参(结果),V16,16,V,1259
cutesv调参(结果),W16,16,W,8034
cutesv调参(结果),X16,16,X,13814
cutesv调参(结果),Y16,16,Y,3645
cutesv调参(结果),Z16,16,Z,13818
cutesv调参(结果),AA16,16,AA,6268
cutesv调参(结果),AB16,16,AB,23712
cutesv调参(结果),AC16,16,AC,18156
cutesv调参(结果),AD16,16,AD,562
cutesv调参(结果),AE16,16,AE,4408
cutesv调参(结果),AF16,16,AF,0.97
cutesv调参(结果),AG16,16,AG,0.8432
cutesv调参(结果),AH16,16,AH,0.9022
cutesv调参(结果),E17,17,E,R2_08_ratio_0p2_0p2_q20
cutesv调参(结果),F17,17,F,ratio_linked
cutesv调参(结果),G17,17,G,5
cutesv调参(结果),H17,17,H,20
cutesv调参(结果),I17,17,I,100
cutesv调参(结果),J17,17,J,0.2
cutesv调参(结果),K17,17,K,100
cutesv调参(结果),L17,17,L,0.2
cutesv调参(结果),M17,17,M,0.9263
cutesv调参(结果),N17,17,N,0.7282
cutesv调参(结果),O17,17,O,0.8154
cutesv调参(结果),P17,17,P,0.8129
cutesv调参(结果),Q17,17,Q,0.753
cutesv调参(结果),R17,17,R,0.5234
cutesv调参(结果),S17,17,S,0.6175
cutesv调参(结果),T17,17,T,20478
cutesv调参(结果),U17,17,U,18106
cutesv调参(结果),V17,17,V,1441
cutesv调参(结果),W17,17,W,7645
cutesv调参(结果),X17,17,X,14718
cutesv调参(结果),Y17,17,Y,3388
cutesv调参(结果),Z17,17,Z,14719
cutesv调参(结果),AA17,17,AA,5759
cutesv调参(结果),AB17,17,AB,23883
cutesv调参(结果),AC17,17,AC,18969
cutesv调参(结果),AD17,17,AD,578
cutesv调参(结果),AE17,17,AE,4240
cutesv调参(结果),AF17,17,AF,0.9704
cutesv调参(结果),AG17,17,AG,0.8492
cutesv调参(结果),AH17,17,AH,0.9058
cutesv调参(结果),E18,18,E,R2_09_ratio_0p4_0p4_q20
cutesv调参(结果),F18,18,F,ratio_linked
cutesv调参(结果),G18,18,G,5
cutesv调参(结果),H18,18,H,20
cutesv调参(结果),I18,18,I,100
cutesv调参(结果),J18,18,J,0.4
cutesv调参(结果),K18,18,K,100
cutesv调参(结果),L18,18,L,0.4
cutesv调参(结果),M18,18,M,0.9221
cutesv调参(结果),N18,18,N,0.7244
cutesv调参(结果),O18,18,O,0.8114
cutesv调参(结果),P18,18,P,0.7805
cutesv调参(结果),Q18,18,Q,0.7197
cutesv调参(结果),R18,18,R,0.49
cutesv调参(结果),S18,18,S,0.583
cutesv调参(结果),T18,18,T,20374
cutesv调参(结果),U18,18,U,17653
cutesv调参(结果),V18,18,V,1492
cutesv调参(结果),W18,18,W,7752
cutesv调参(结果),X18,18,X,13779
cutesv调参(结果),Y18,18,Y,3874
cutesv调参(结果),Z18,18,Z,13781
cutesv调参(结果),AA18,18,AA,6593
cutesv调参(结果),AB18,18,AB,23796
cutesv调参(结果),AC18,18,AC,18543
cutesv调参(结果),AD18,18,AD,602
cutesv调参(结果),AE18,18,AE,4330
cutesv调参(结果),AF18,18,AF,0.9686
cutesv调参(结果),AG18,18,AG,0.846
cutesv调参(结果),AH18,18,AH,0.9032
cutesv调参(结果),E19,19,E,R2_10_asym_INS50_DEL100_q20
cutesv调参(结果),F19,19,F,asymmetric_bias
cutesv调参(结果),G19,19,G,5
cutesv调参(结果),H19,19,H,20
cutesv调参(结果),I19,19,I,50
cutesv调参(结果),J19,19,J,0.3
cutesv调参(结果),K19,19,K,100
cutesv调参(结果),L19,19,L,0.3
cutesv调参(结果),M19,19,M,0.9158
cutesv调参(结果),N19,19,N,0.7326
cutesv调参(结果),O19,19,O,0.814
cutesv调参(结果),P19,19,P,0.7983
cutesv调参(结果),Q19,19,Q,0.731
cutesv调参(结果),R19,19,R,0.5143
cutesv调参(结果),S19,19,S,0.6038
cutesv调参(结果),T19,19,T,20603
cutesv调参(结果),U19,19,U,18122
cutesv调参(结果),V19,19,V,1667
cutesv调参(结果),W19,19,W,7521
cutesv调参(结果),X19,19,X,14466
cutesv调参(结果),Y19,19,Y,3656
cutesv调参(结果),Z19,19,Z,14463
cutesv调参(结果),AA19,19,AA,6140
cutesv调参(结果),AB19,19,AB,23873
cutesv调参(结果),AC19,19,AC,19108
cutesv调参(结果),AD19,19,AD,681
cutesv调参(结果),AE19,19,AE,4251
cutesv调参(结果),AF19,19,AF,0.9656
cutesv调参(结果),AG19,19,AG,0.8488
cutesv调参(结果),AH19,19,AH,0.9035
cutesv调参(结果),E20,20,E,R2_11_asym_INS100_DEL50_q20
cutesv调参(结果),F20,20,F,asymmetric_bias
cutesv调参(结果),G20,20,G,5
cutesv调参(结果),H20,20,H,20
cutesv调参(结果),I20,20,I,100
cutesv调参(结果),J20,20,J,0.3
cutesv调参(结果),K20,20,K,50
cutesv调参(结果),L20,20,L,0.3
cutesv调参(结果),M20,20,M,0.9234
cutesv调参(结果),N20,20,N,0.7276
cutesv调参(结果),O20,20,O,0.8139
cutesv调参(结果),P20,20,P,0.7949
cutesv调参(结果),Q20,20,Q,0.7341
cutesv调参(结果),R20,20,R,0.5068
cutesv调参(结果),S20,20,S,0.5996
cutesv调参(结果),T20,20,T,20467
cutesv调参(结果),U20,20,U,17932
cutesv调参(结果),V20,20,V,1487
cutesv调参(结果),W20,20,W,7661
cutesv调参(结果),X20,20,X,14255
cutesv调参(结果),Y20,20,Y,3677
cutesv调参(结果),Z20,20,Z,14255
cutesv调参(结果),AA20,20,AA,6212
cutesv调参(结果),AB20,20,AB,23824
cutesv调参(结果),AC20,20,AC,18819
cutesv调参(结果),AD20,20,AD,600
cutesv调参(结果),AE20,20,AE,4304
cutesv调参(结果),AF20,20,AF,0.9691
cutesv调参(结果),AG20,20,AG,0.847
cutesv调参(结果),AH20,20,AH,0.9039
cutesv调参(结果),E21,21,E,R2_12_asym_INS200_DEL100_q20
cutesv调参(结果),F21,21,F,asymmetric_bias
cutesv调参(结果),G21,21,G,5
cutesv调参(结果),H21,21,H,20
cutesv调参(结果),I21,21,I,200
cutesv调参(结果),J21,21,J,0.3
cutesv调参(结果),K21,21,K,100
cutesv调参(结果),L21,21,L,0.3
cutesv调参(结果),M21,21,M,0.9288
cutesv调参(结果),N21,21,N,0.7214
cutesv调参(结果),O21,21,O,0.8121
cutesv调参(结果),P21,21,P,0.7932
cutesv调参(结果),Q21,21,Q,0.7367
cutesv调参(结果),R21,21,R,0.4989
cutesv调参(结果),S21,21,S,0.595
cutesv调参(结果),T21,21,T,20288
cutesv调参(结果),U21,21,U,17686
cutesv调参(结果),V21,21,V,1356
cutesv调参(结果),W21,21,W,7834
cutesv调参(结果),X21,21,X,14029
cutesv调参(结果),Y21,21,Y,3657
cutesv调参(结果),Z21,21,Z,14031
cutesv调参(结果),AA21,21,AA,6257
cutesv调参(结果),AB21,21,AB,23789
cutesv调参(结果),AC21,21,AC,18473
cutesv调参(结果),AD21,21,AD,569
cutesv调参(结果),AE21,21,AE,4333
cutesv调参(结果),AF21,21,AF,0.9701
cutesv调参(结果),AG21,21,AG,0.8459
cutesv调参(结果),AH21,21,AH,0.9038
cutesv调参(结果),E22,22,E,R2_13_asym_INS100_DEL200_q20
cutesv调参(结果),F22,22,F,asymmetric_bias
cutesv调参(结果),G22,22,G,5
cutesv调参(结果),H22,22,H,20
cutesv调参(结果),I22,22,I,100
cutesv调参(结果),J22,22,J,0.3
cutesv调参(结果),K22,22,K,200
cutesv调参(结果),L22,22,L,0.3
cutesv调参(结果),M22,22,M,0.93
cutesv调参(结果),N22,22,N,0.721
cutesv调参(结果),O22,22,O,0.8123
cutesv调参(结果),P22,22,P,0.7927
cutesv调参(结果),Q22,22,Q,0.7372
cutesv调参(结果),R22,22,R,0.4978
cutesv调参(结果),S22,22,S,0.5943
cutesv调参(结果),T22,22,T,20278
cutesv调参(结果),U22,22,U,17658
cutesv调参(结果),V22,22,V,1329
cutesv调参(结果),W22,22,W,7845
cutesv调参(结果),X22,22,X,13998
cutesv调参(结果),Y22,22,Y,3660
cutesv调参(结果),Z22,22,Z,14000
cutesv调参(结果),AA22,22,AA,6278
cutesv调参(结果),AB22,22,AB,23792
cutesv调参(结果),AC22,22,AC,18427
cutesv调参(结果),AD22,22,AD,560
cutesv调参(结果),AE22,22,AE,4331
cutesv调参(结果),AF22,22,AF,0.9705
cutesv调参(结果),AG22,22,AG,0.846
cutesv调参(结果),AH22,22,AH,0.904
cutesv调参(结果),E23,23,E,R2_14_mapq_s5_q10
cutesv调参(结果),F23,23,F,mapq_sensitivity
cutesv调参(结果),G23,23,G,5
cutesv调参(结果),H23,23,H,10
cutesv调参(结果),I23,23,I,100
cutesv调参(结果),J23,23,J,0.3
cutesv调参(结果),K23,23,K,100
cutesv调参(结果),L23,23,L,0.3
cutesv调参(结果),M23,23,M,0.9258
cutesv调参(结果),N23,23,N,0.7295
cutesv调参(结果),O23,23,O,0.816
cutesv调参(结果),P23,23,P,0.7947
cutesv调参(结果),Q23,23,Q,0.7357
cutesv调参(结果),R23,23,R,0.5064
cutesv调参(结果),S23,23,S,0.5999
cutesv调参(结果),T23,23,T,20519
cutesv调参(结果),U23,23,U,17924
cutesv调参(结果),V23,23,V,1437
cutesv调参(结果),W23,23,W,7607
cutesv调参(结果),X23,23,X,14244
cutesv调参(结果),Y23,23,Y,3680
cutesv调参(结果),Z23,23,Z,14244
cutesv调参(结果),AA23,23,AA,6275
cutesv调参(结果),AB23,23,AB,23950
cutesv调参(结果),AC23,23,AC,18770
cutesv调参(结果),AD23,23,AD,591
cutesv调参(结果),AE23,23,AE,4176
cutesv调参(结果),AF23,23,AF,0.9695
cutesv调参(结果),AG23,23,AG,0.8515
cutesv调参(结果),AH23,23,AH,0.9067
cutesv调参(结果),A25,25,A,run_id
cutesv调参(结果),B25,25,B,profile
cutesv调参(结果),C25,25,C,note
cutesv调参(结果),D25,25,D,min_support
cutesv调参(结果),E25,25,E,min_mapq
cutesv调参(结果),F25,25,F,max_cluster_bias_INS
cutesv调参(结果),G25,25,G,diff_ratio_merging_INS
cutesv调参(结果),H25,25,H,max_cluster_bias_DEL
cutesv调参(结果),I25,25,I,diff_ratio_merging_DEL
cutesv调参(结果),J25,25,J,bench_dir
cutesv调参(结果),K25,25,K,vcf_path
cutesv调参(结果),A26,26,A,R2_01_baseline_s5_q20
cutesv调参(结果),B26,26,B,ONT_like
cutesv调参(结果),C26,26,C,re-run first-round best setting for standalone round2 comparison
cutesv调参(结果),D26,26,D,5
cutesv调参(结果),E26,26,E,20
cutesv调参(结果),F26,26,F,100
cutesv调参(结果),G26,26,G,0.3
cutesv调参(结果),H26,26,H,100
cutesv调参(结果),I26,26,I,0.3
cutesv调参(结果),J26,26,J,/home/user/wangyingqi/evaluation/svcall/cuteSV_param_tune_BGI50x_GRCh38_minimap2_round2/truvari/R2_01_baseline_s5_q20
cutesv调参(结果),K26,26,K,/home/user/wangyingqi/evaluation/svcall/cuteSV_param_tune_BGI50x_GRCh38_minimap2_round2/results/R2_01_baseline_s5_q20/HG002.BGI_latest.GRCh38.minimap2.50x.R2_01_baseline_s5_q20.cuteSV.vcf.gz
cutesv调参(结果),A27,27,A,R2_02_support_s3_q20
cutesv调参(结果),B27,27,B,ONT_like
cutesv调参(结果),C27,27,C,lower support around ONT-like best
cutesv调参(结果),D27,27,D,3
cutesv调参(结果),E27,27,E,20
cutesv调参(结果),F27,27,F,100
cutesv调参(结果),G27,27,G,0.3
cutesv调参(结果),H27,27,H,100
cutesv调参(结果),I27,27,I,0.3
cutesv调参(结果),J27,27,J,/home/user/wangyingqi/evaluation/svcall/cuteSV_param_tune_BGI50x_GRCh38_minimap2_round2/truvari/R2_02_support_s3_q20
cutesv调参(结果),K27,27,K,/home/user/wangyingqi/evaluation/svcall/cuteSV_param_tune_BGI50x_GRCh38_minimap2_round2/results/R2_02_support_s3_q20/HG002.BGI_latest.GRCh38.minimap2.50x.R2_02_support_s3_q20.cuteSV.vcf.gz
cutesv调参(结果),A28,28,A,R2_03_support_s4_q20
cutesv调参(结果),B28,28,B,ONT_like
cutesv调参(结果),C28,28,C,lower support around ONT-like best
cutesv调参(结果),D28,28,D,4
cutesv调参(结果),E28,28,E,20
cutesv调参(结果),F28,28,F,100
cutesv调参(结果),G28,28,G,0.3
cutesv调参(结果),H28,28,H,100
cutesv调参(结果),I28,28,I,0.3
cutesv调参(结果),J28,28,J,/home/user/wangyingqi/evaluation/svcall/cuteSV_param_tune_BGI50x_GRCh38_minimap2_round2/truvari/R2_03_support_s4_q20
cutesv调参(结果),K28,28,K,/home/user/wangyingqi/evaluation/svcall/cuteSV_param_tune_BGI50x_GRCh38_minimap2_round2/results/R2_03_support_s4_q20/HG002.BGI_latest.GRCh38.minimap2.50x.R2_03_support_s4_q20.cuteSV.vcf.gz
cutesv调参(结果),A29,29,A,R2_04_support_s6_q20
cutesv调参(结果),B29,29,B,ONT_like
cutesv调参(结果),C29,29,C,higher support around ONT-like best
cutesv调参(结果),D29,29,D,6
cutesv调参(结果),E29,29,E,20
cutesv调参(结果),F29,29,F,100
cutesv调参(结果),G29,29,G,0.3
cutesv调参(结果),H29,29,H,100
cutesv调参(结果),I29,29,I,0.3
cutesv调参(结果),J29,29,J,/home/user/wangyingqi/evaluation/svcall/cuteSV_param_tune_BGI50x_GRCh38_minimap2_round2/truvari/R2_04_support_s6_q20
cutesv调参(结果),K29,29,K,/home/user/wangyingqi/evaluation/svcall/cuteSV_param_tune_BGI50x_GRCh38_minimap2_round2/results/R2_04_support_s6_q20/HG002.BGI_latest.GRCh38.minimap2.50x.R2_04_support_s6_q20.cuteSV.vcf.gz
cutesv调参(结果),A30,30,A,R2_05_support_s8_q20
cutesv调参(结果),B30,30,B,ONT_like
cutesv调参(结果),C30,30,C,higher support around ONT-like best
cutesv调参(结果),D30,30,D,8
cutesv调参(结果),E30,30,E,20
cutesv调参(结果),F30,30,F,100
cutesv调参(结果),G30,30,G,0.3
cutesv调参(结果),H30,30,H,100
cutesv调参(结果),I30,30,I,0.3
cutesv调参(结果),J30,30,J,/home/user/wangyingqi/evaluation/svcall/cuteSV_param_tune_BGI50x_GRCh38_minimap2_round2/truvari/R2_05_support_s8_q20
cutesv调参(结果),K30,30,K,/home/user/wangyingqi/evaluation/svcall/cuteSV_param_tune_BGI50x_GRCh38_minimap2_round2/results/R2_05_support_s8_q20/HG002.BGI_latest.GRCh38.minimap2.50x.R2_05_support_s8_q20.cuteSV.vcf.gz
cutesv调参(结果),A31,31,A,R2_06_bias_50_50_q20
cutesv调参(结果),B31,31,B,ONT_like
cutesv调参(结果),C31,31,C,tighter linked INS and DEL cluster bias
cutesv调参(结果),D31,31,D,5
cutesv调参(结果),E31,31,E,20
cutesv调参(结果),F31,31,F,50
cutesv调参(结果),G31,31,G,0.3
cutesv调参(结果),H31,31,H,50
cutesv调参(结果),I31,31,I,0.3
cutesv调参(结果),J31,31,J,/home/user/wangyingqi/evaluation/svcall/cuteSV_param_tune_BGI50x_GRCh38_minimap2_round2/truvari/R2_06_bias_50_50_q20
cutesv调参(结果),K31,31,K,/home/user/wangyingqi/evaluation/svcall/cuteSV_param_tune_BGI50x_GRCh38_minimap2_round2/results/R2_06_bias_50_50_q20/HG002.BGI_latest.GRCh38.minimap2.50x.R2_06_bias_50_50_q20.cuteSV.vcf.gz
cutesv调参(结果),A32,32,A,R2_07_bias_200_200_q20
cutesv调参(结果),B32,32,B,ONT_like
cutesv调参(结果),C32,32,C,relaxed linked INS and DEL cluster bias
cutesv调参(结果),D32,32,D,5
cutesv调参(结果),E32,32,E,20
cutesv调参(结果),F32,32,F,200
cutesv调参(结果),G32,32,G,0.3
cutesv调参(结果),H32,32,H,200
cutesv调参(结果),I32,32,I,0.3
cutesv调参(结果),J32,32,J,/home/user/wangyingqi/evaluation/svcall/cuteSV_param_tune_BGI50x_GRCh38_minimap2_round2/truvari/R2_07_bias_200_200_q20
cutesv调参(结果),K32,32,K,/home/user/wangyingqi/evaluation/svcall/cuteSV_param_tune_BGI50x_GRCh38_minimap2_round2/results/R2_07_bias_200_200_q20/HG002.BGI_latest.GRCh38.minimap2.50x.R2_07_bias_200_200_q20.cuteSV.vcf.gz
cutesv调参(结果),A33,33,A,R2_08_ratio_0p2_0p2_q20
cutesv调参(结果),B33,33,B,ONT_like
cutesv调参(结果),C33,33,C,tighter linked INS and DEL merge ratio
cutesv调参(结果),D33,33,D,5
cutesv调参(结果),E33,33,E,20
cutesv调参(结果),F33,33,F,100
cutesv调参(结果),G33,33,G,0.2
cutesv调参(结果),H33,33,H,100
cutesv调参(结果),I33,33,I,0.2
cutesv调参(结果),J33,33,J,/home/user/wangyingqi/evaluation/svcall/cuteSV_param_tune_BGI50x_GRCh38_minimap2_round2/truvari/R2_08_ratio_0p2_0p2_q20
cutesv调参(结果),K33,33,K,/home/user/wangyingqi/evaluation/svcall/cuteSV_param_tune_BGI50x_GRCh38_minimap2_round2/results/R2_08_ratio_0p2_0p2_q20/HG002.BGI_latest.GRCh38.minimap2.50x.R2_08_ratio_0p2_0p2_q20.cuteSV.vcf.gz
cutesv调参(结果),A34,34,A,R2_09_ratio_0p4_0p4_q20
cutesv调参(结果),B34,34,B,ONT_like
cutesv调参(结果),C34,34,C,relaxed linked INS and DEL merge ratio
cutesv调参(结果),D34,34,D,5
cutesv调参(结果),E34,34,E,20
cutesv调参(结果),F34,34,F,100
cutesv调参(结果),G34,34,G,0.4
cutesv调参(结果),H34,34,H,100
cutesv调参(结果),I34,34,I,0.4
cutesv调参(结果),J34,34,J,/home/user/wangyingqi/evaluation/svcall/cuteSV_param_tune_BGI50x_GRCh38_minimap2_round2/truvari/R2_09_ratio_0p4_0p4_q20
cutesv调参(结果),K34,34,K,/home/user/wangyingqi/evaluation/svcall/cuteSV_param_tune_BGI50x_GRCh38_minimap2_round2/results/R2_09_ratio_0p4_0p4_q20/HG002.BGI_latest.GRCh38.minimap2.50x.R2_09_ratio_0p4_0p4_q20.cuteSV.vcf.gz
cutesv调参(结果),A35,35,A,R2_10_asym_INS50_DEL100_q20
cutesv调参(结果),B35,35,B,ONT_like
cutesv调参(结果),C35,35,C,tighter INS bias only
cutesv调参(结果),D35,35,D,5
cutesv调参(结果),E35,35,E,20
cutesv调参(结果),F35,35,F,50
cutesv调参(结果),G35,35,G,0.3
cutesv调参(结果),H35,35,H,100
cutesv调参(结果),I35,35,I,0.3
cutesv调参(结果),J35,35,J,/home/user/wangyingqi/evaluation/svcall/cuteSV_param_tune_BGI50x_GRCh38_minimap2_round2/truvari/R2_10_asym_INS50_DEL100_q20
cutesv调参(结果),K35,35,K,/home/user/wangyingqi/evaluation/svcall/cuteSV_param_tune_BGI50x_GRCh38_minimap2_round2/results/R2_10_asym_INS50_DEL100_q20/HG002.BGI_latest.GRCh38.minimap2.50x.R2_10_asym_INS50_DEL100_q20.cuteSV.vcf.gz
cutesv调参(结果),A36,36,A,R2_11_asym_INS100_DEL50_q20
cutesv调参(结果),B36,36,B,ONT_like
cutesv调参(结果),C36,36,C,tighter DEL bias only
cutesv调参(结果),D36,36,D,5
cutesv调参(结果),E36,36,E,20
cutesv调参(结果),F36,36,F,100
cutesv调参(结果),G36,36,G,0.3
cutesv调参(结果),H36,36,H,50
cutesv调参(结果),I36,36,I,0.3
cutesv调参(结果),J36,36,J,/home/user/wangyingqi/evaluation/svcall/cuteSV_param_tune_BGI50x_GRCh38_minimap2_round2/truvari/R2_11_asym_INS100_DEL50_q20
cutesv调参(结果),K36,36,K,/home/user/wangyingqi/evaluation/svcall/cuteSV_param_tune_BGI50x_GRCh38_minimap2_round2/results/R2_11_asym_INS100_DEL50_q20/HG002.BGI_latest.GRCh38.minimap2.50x.R2_11_asym_INS100_DEL50_q20.cuteSV.vcf.gz
cutesv调参(结果),A37,37,A,R2_12_asym_INS200_DEL100_q20
cutesv调参(结果),B37,37,B,ONT_like
cutesv调参(结果),C37,37,C,relaxed INS bias only
cutesv调参(结果),D37,37,D,5
cutesv调参(结果),E37,37,E,20
cutesv调参(结果),F37,37,F,200
cutesv调参(结果),G37,37,G,0.3
cutesv调参(结果),H37,37,H,100
cutesv调参(结果),I37,37,I,0.3
cutesv调参(结果),J37,37,J,/home/user/wangyingqi/evaluation/svcall/cuteSV_param_tune_BGI50x_GRCh38_minimap2_round2/truvari/R2_12_asym_INS200_DEL100_q20
cutesv调参(结果),K37,37,K,/home/user/wangyingqi/evaluation/svcall/cuteSV_param_tune_BGI50x_GRCh38_minimap2_round2/results/R2_12_asym_INS200_DEL100_q20/HG002.BGI_latest.GRCh38.minimap2.50x.R2_12_asym_INS200_DEL100_q20.cuteSV.vcf.gz
cutesv调参(结果),A38,38,A,R2_13_asym_INS100_DEL200_q20
cutesv调参(结果),B38,38,B,ONT_like
cutesv调参(结果),C38,38,C,relaxed DEL bias only
cutesv调参(结果),D38,38,D,5
cutesv调参(结果),E38,38,E,20
cutesv调参(结果),F38,38,F,100
cutesv调参(结果),G38,38,G,0.3
cutesv调参(结果),H38,38,H,200
cutesv调参(结果),I38,38,I,0.3
cutesv调参(结果),J38,38,J,/home/user/wangyingqi/evaluation/svcall/cuteSV_param_tune_BGI50x_GRCh38_minimap2_round2/truvari/R2_13_asym_INS100_DEL200_q20
cutesv调参(结果),K38,38,K,/home/user/wangyingqi/evaluation/svcall/cuteSV_param_tune_BGI50x_GRCh38_minimap2_round2/results/R2_13_asym_INS100_DEL200_q20/HG002.BGI_latest.GRCh38.minimap2.50x.R2_13_asym_INS100_DEL200_q20.cuteSV.vcf.gz
cutesv调参(结果),A39,39,A,R2_14_mapq_s5_q10
cutesv调参(结果),B39,39,B,ONT_like
cutesv调参(结果),C39,39,C,q10 sensitivity check at first-round best setting
cutesv调参(结果),D39,39,D,5
cutesv调参(结果),E39,39,E,10
cutesv调参(结果),F39,39,F,100
cutesv调参(结果),G39,39,G,0.3
cutesv调参(结果),H39,39,H,100
cutesv调参(结果),I39,39,I,0.3
cutesv调参(结果),J39,39,J,/home/user/wangyingqi/evaluation/svcall/cuteSV_param_tune_BGI50x_GRCh38_minimap2_round2/truvari/R2_14_mapq_s5_q10
cutesv调参(结果),K39,39,K,/home/user/wangyingqi/evaluation/svcall/cuteSV_param_tune_BGI50x_GRCh38_minimap2_round2/results/R2_14_mapq_s5_q10/HG002.BGI_latest.GRCh38.minimap2.50x.R2_14_mapq_s5_q10.cuteSV.vcf.gz
Sniffles2调参,I17,17,I,Raw 全基因组
Sniffles2调参,M17,17,M,Refine 全基因组
Sniffles2调参,Q17,17,Q,CMRG
Sniffles2调参,A30,30,A,推荐：--minsupport auto --minsupport-auto-mult 0.10 --mapq 10。50x 全基因组严格最高为 0.05/q10，但与 0.10/q10 的 Raw F1 仅相差约 0.04 个百分点；0.10/q10 的 CMRG F1 更高，且跨深度验证更稳定。
Sniffles2调参,K35,35,K,Refine
Sniffles2调参,L35,35,L,CMRG
Sniffles2调参,A45,45,A,结论：MAPQ 10 在 30x 和 50x 的 Raw、Refine、CMRG F1 均优于 MAPQ 20；10x 仅 Refine F1 低 0.29 个百分点，但 Raw 与 CMRG 均更高。因此将 MAPQ 10 作为 BGI 推荐值更稳妥。
STR（短串联重复变异）结果,A1,1,A,HG002 STR/TRGT Dashboard 主结论 - minimap2 / GRCh38
STR（短串联重复变异）结果,A3,3,A,结论摘要
STR（短串联重复变异）结果,A4,4,A,"全 catalog：9 个样本均完成 171,146 loci；call rate 均约 99.6%-99.8%。随深度从 10x 到 50x 增加，median support 基本按预期上升。BGI/ONT 结果可用于横向比较，但 TRGT 更偏 HiFi/PacBio 场景，BGI/ONT 解释应定位为跨平台可检出性与等位长度一致性比较。Pathogenic catalog 已单独运行 56 loci，9 个样本均 100% callable。"
STR（短串联重复变异）结果,C18,18,C,总共检测了多少个 STR 位点
STR（短串联重复变异）结果,E18,18,E,每个位点大概有多少条 reads 支持
STR（短串联重复变异）结果,D19,19,D,有多少比例的 STR 位点能成功给出结果
STR（短串联重复变异）结果,F19,19,F,有多少位点和参考基因组不一样
STR（短串联重复变异）结果,H19,19,H,BGI 在 STR 位点的 检出率很高，说明其 reads 能够稳定覆盖大量短串联重复位点。但重复序列长度的精确一致性还需要谨慎解释
STR（短串联重复变异）结果,A21,21,A,HG002 STR/TRGT Dashboard 主结论 - winnowmap / GRCh38
STR（短串联重复变异）结果,A23,23,A,结论摘要
STR（短串联重复变异）结果,A24,24,A,"winnowmap full catalog 已完成 BGI、ONT、HiFi × 10x、30x、50x 共 9 组统计；每组均覆盖 171,146 个 TR loci。该表与 minimap2 汇总表保持相同字段和排序，用于比较不同 mapper 下 call rate、read support、非参考比例，以及相对 HiFi 30x/50x 的等位长度一致性。"
SNV结果,A1,1,A,HG002 small variant benchmark - GIAB v5.0q / GRCh38 masked
SNV结果,L6,6,L,Clair3 下，BGI SNP F1 已经接近 ONT
SNV结果,L9,9,L,BGI SNP 表现好，INDEL 是短板
phasing-SNP_Block_Stats,A1,1,A,有多少 SNP 被相位了？
phasing-SNP_Block_Stats,B1,1,B,相位后的 block 有多长、是否连续？
phasing-SNP_Block_Stats,A2,2,A,LongPhase SNP Phase-block Statistics - HG002 (18 combinations)
phasing-SNP_Block_Stats,A3,3,A,"Scope: LongPhase v2.0.2 phased SNP VCF, restricted to GIAB v5.0q GRCh38 autosomal SNP benchmark BED; WhatsHap 2.8 stats is used only to export the block list."
phasing-SNP_Block_Stats,A4,4,A,Formulas: phased SNP rate = phased SNPs / benchmark SNPs; block length = to - from + 1; median/mean/longest are calculated from non-singleton blocks (>=2 variants).
phasing-SNP_Block_Stats,A5,5,A,"N50 = length at 50% cumulative observed block span; NG50 = length at 50% of chr1-22 total length (2,875,001,522 bp, from GRCh38.fa.fai). Source root: /home/user/wangyingqi/evaluation/phasing/LongPhase_WhatsHap_compare_GRCh38/results/"
phasing-SNP_Block_Stats,H26,26,H,Phased SNP rate=Phased SNPs / ​Benchmark SNPs
phasing-SNP_Block_Stats,A27,27,A,WhatsHap 在这里相当于评测工具，表里的 phased SNP、phase block、switch/flip error 都评价的是 LongPhase 输出，不是 WhatsHap phase 的输出
phasing-SNP_Block_Stats,I27,27,I,BGI 在高深度条件下形成的 SNP phase block 最长、最连续。
phasing-SNP_Block_Stats,L27,27,L,HiFi：相位覆盖比例高
phasing-SNP_Block_Stats,L28,28,L,BGI：相位连续性强
phasing-SNP_Block_Stats,A29,29,A,相位结果生成：LongPhase v2.0.2
phasing-SNP_Block_Stats,A30,30,A,SNP block 统计：WhatsHap stats 读取 LongPhase phased VCF
phasing-SNP_Block_Stats,G30,30,G,"数据来源与计算在""D:\哈工大\实验\新评测\结果统计\phasing\运算公式.docx"""
phasing-SNP_Block_Stats,A31,31,A,GIAB 准确性评估：WhatsHap compare 比较 LongPhase phased VCF 与 GIAB truth
phasing-SNP_Block_Stats,A32,32,A,SV benchmark：Truvari 5.1.1 评估 LongPhase phased SV VCF
phasing-SNP_Block_Stats,A34,34,A,WhatsHap + Clair3 SNP Phasing Statistics - HG002
phasing-SNP_Block_Stats,A35,35,A,"Result source: WhatsHap 2.8 phased Clair3 VCFs for BGI_latest, ONT_latest and HiFi_latest across minimap2/winnowmap and 10x/30x/50x."
phasing-SNP_Block_Stats,A36,36,A,Phased variant rate = phased heterozygous variants / heterozygous variants; phased SNV rate = phased heterozygous SNVs / heterozygous SNVs.
phasing-SNP_Block_Stats,A37,37,A,"Block N50, median, mean and maximum block length are reported by WhatsHap stats on the phased VCF. These are phasing-output statistics, not GIAB accuracy metrics."
phasing-SNP_Block_Stats,J59,59,J,HiFi的杂合变异相位比例最高，BGI和ONT整体约为97%–98%。
phasing-SNP_Block_Stats,N59,59,N,在相位连续性方面，BGI表现最好
phasing-SNP_Block_Stats,N60,60,N,BGI最长phase block，而且block数量最低，说明BGI高深度数据能够连接形成更长、更连续的单倍型区段
phasing-SNP_Block_Stats,N62,62,N,为什么深度越高，Phase blocks反而越少:
phasing-SNP_Block_Stats,N63,63,N,低深度时，覆盖相邻杂合变异的reads不足，两个区域之间缺少能够“搭桥”的reads，因此相位结果容易断开：
phasing-SNP_Block_Stats,N64,64,N,深度增加以后，有更多reads同时覆盖相邻的杂合位点，原来分开的block就可能被连接起来
phasing_SNP_Compare_GIAB,A1,1,A,LongPhase给出的SNP单倍型方向是否正确？
phasing_SNP_Compare_GIAB,A2,2,A,LongPhase SNP Phasing Accuracy vs GIAB v5.0q - HG002
phasing_SNP_Compare_GIAB,A3,3,A,Tool: WhatsHap compare v2.8; truth: HG002 GRCh38 GIAB v5.0q autosomal benchmark SNP VCF; query: LongPhase v2.0.2 phased SNP VCF in the same benchmark BED.
phasing_SNP_Compare_GIAB,A4,4,A,Autosomal aggregation: counts are summed across chr1-22 (rates are not averaged). Switch error rate = switch errors / assessed adjacent pairs; switch errors = switch events + 2 x flip events.
phasing_SNP_Compare_GIAB,A5,5,A,Switch+flip event rate = (switch events + flip events) / assessed pairs; Hamming rate = blockwise Hamming errors / covered variants. Source: each whatshap_compare/*.pairwise.tsv.
phasing_SNP_Compare_GIAB,I6,6,I,越低越好
phasing_SNP_Compare_GIAB,N6,6,N,表示在完成 block 方向校正后，仍然与 truth 单倍型分配不一致的变异比例
phasing_SNP_Compare_GIAB,H26,26,H,Switch errors=Switch events+2×Flip events，Switch event：单倍型方向从某个位置开始发生切换；Flip event：单个变异被孤立地放到错误单倍型上，相当于先切换一次，再切换回来，所以记作两个 switch errors。
phasing_SNP_Compare_GIAB,E27,27,E,BGI形成的phase block最长，但HiFi的block内部单倍型分配准确性更高
phasing_SNP_Compare_GIAB,A28,28,A,WhatsHap SNP Phasing Accuracy vs GIAB v5.0q - HG002
phasing_SNP_Compare_GIAB,A29,29,A,"Comparison source: WhatsHap 2.8 phased Clair3 VCF versus GIAB v5.0q GRCh38 masked truth, aggregated from the original pairwise.tsv files."
phasing_SNP_Compare_GIAB,A30,30,A,"Rates use summed chr-level counts, not averages: switch error rate = switch errors / assessed pairs; switch errors = switch events + 2 x flip events."
phasing_SNP_Compare_GIAB,A31,31,A,Switch+flip event rate = (switch events + flip events) / assessed pairs; Hamming rate = blockwise Hamming / covered variants. This sheet measures phasing accuracy.
phasing_SNP_Compare_GIAB,J53,53,J,BGI的switch error很低、block也最长，但Hamming rate高于HiFi
Longphase_SV_Benchmark,A1,1,A,LongPhase对SV的相位覆盖情况
Longphase_SV_Benchmark,C1,1,C,SV call set与truth的一致性
Longphase_SV_Benchmark,A2,2,A,LongPhase SV Phasing and Truvari Benchmark - HG002
Longphase_SV_Benchmark,A3,3,A,"Phasing source: LongPhase v2.0.2 SV output VCF. Total/heterozygous/phased SV counts are parsed from the VCF; phased rate is calculated here, not directly reported by LongPhase."
Longphase_SV_Benchmark,A4,4,A,SV phased rate = phased heterozygous SVs / all heterozygous SVs. Phased means heterozygous GT uses '|'; homozygous and missing genotypes are excluded from the denominator.
Longphase_SV_Benchmark,A5,5,A,"Benchmark: Truvari v5.1.1, truth GRCh38_HG2-T2TQ100-V1.1_stvar.benchmark.vcf.gz, matching benchmark BED, --passonly; TP is TP-base. Source root: LongPhase benchmark results."
Longphase_SV_Benchmark,H26,26,H,SV phased rate=Phased heterozygous SVs​ / All heterozygous SVs
Longphase_SV_Benchmark,A28,28,A,BGI
Longphase_SV_Benchmark,G28,28,G,ONT
Longphase_SV_Benchmark,L28,28,L,HiFi
Longphase_SV_Benchmark,A29,29,A,BGI最大的优势是SNP相位连续性。
Longphase_SV_Benchmark,G29,29,G,ONT在10×时SNP相位错误明显较高，但提高到30×后改善非常大。
Longphase_SV_Benchmark,L29,29,L,HiFi的SNP phased rate最高，Hamming rate最低，说明局部单倍型分配准确性最好。
Longphase_SV_Benchmark,A30,30,A,特别是30×和50×，phase block N50明显高于ONT和HiFi，50×达到约3.1 Mb，最长block接近11.84 Mb。
Longphase_SV_Benchmark,G30,30,G,高深度时SNP准确性较好，phase block连续性居中；SV phased rate和SV F1整体表现较强。
Longphase_SV_Benchmark,L30,30,L,但它产生的phase block更多、更短，连续性弱于BGI和ONT。SV方面，HiFi配合minimap2取得了最高的单组F1。
Longphase_SV_Benchmark,A31,31,A,但BGI的phased SNP rate稍低于HiFi，Hamming rate也相对较高；SV phased rate和SV recall目前略低于ONT、HiFi。
Longphase_SV_Benchmark,A33,33,A,分析流程是先将每个组合对应的BAM和未相位VCF输入LongPhase v2.0.2，得到phased SNP VCF和phased SV VCF。之后WhatsHap在这里不负责重新相位，而是作为评测工具。WhatsHap stats用于统计SNP相位比例和phase block，WhatsHap compare用于将LongPhase结果与GIAB v5.0q truth比较。SV部分则解析LongPhase VCF中的基因型，并使用Truvari和T2TQ100 v1.1 SV truth进行评测。
Whatshap-Phasing,A1,1,A,HG002 WhatsHap phasing compare vs GIAB v5.0q GRCh38 masked high-confidence het SNVs
Whatshap-Phasing,A2,2,A,Compare command used --only-snvs; rates are aggregated genome-wide by summing per-chromosome numerator/denominator values. Caller=Clair3 rows are from the original workbook; Caller=DeepVariant rows were added from /io/yingqiw/new_evaluation/phasing/WhatsHap_DeepVariant_GRCh38. Mask: chr3:16902750-16903050 excluded.
Whatshap-Phasing,F30,30,F,有多少变异被成功分到父源/母源
Whatshap-Phasing,I30,30,I,相位块的连续性，越大越好
Whatshap-Phasing,P30,30,P,父母来源判断反了的错误率，越低越好
Whatshap-Phasing,G31,31,G,有多少 SNV 被成功 phasing
Whatshap-Phasing,B32,32,B,BGI 在 phasing 中表现出较好的长程相位连续性，尤其 Block N50 较高，是一个潜在优势
Whatshap-Phasing,B33,33,B,BGI 的长程相位连续性是一个非常值得深入挖掘的优势。它的 phasing fraction 不一定最高，但 block 更长，说明 BGI 数据可能更适合 haplotype-resolved SV、复杂区域和长程连锁分析。
Whatshap-Phasing,B36,36,B,winnowmap 可能更适合用于重复区域/长读长数据的单倍型分析
Whatshap-Phasing,B38,38,B,30x 做重点图
Whatshap-Phasing-haplotag,A1,1,A,有多少reads能够根据phased VCF被分配到haplotype 1或haplotype 2
Whatshap-Phasing-haplotag,A2,2,A,WhatsHap Haplotag Statistics - HG002
Whatshap-Phasing-haplotag,A3,3,A,"Result source: WhatsHap haplotag logs, phasedinfo files and haplotagged BAMs generated from the corresponding WhatsHap-phased Clair3 SNP VCF and alignment BAM."
Whatshap-Phasing-haplotag,A4,4,A,Taggable rate = alignments that could be tagged / total alignments processed; tagged alignments = H1 + H2; H1/H2 percentages use tagged alignments as denominator.
Whatshap-Phasing-haplotag,A5,5,A,Non-H1/H2 is the phasedinfo count not assigned to haplotype 1 or 2. Haplotag assigns HP/PS tags; it is not a truth-set accuracy benchmark.
Whatshap-Phasing-haplotag,G26,26,G,Taggable rate=H1 reads+H2 reads​ / Alignments processed
Whatshap-Phasing-haplotag,G27,27,G,HiFi能够被分配到H1或H2的alignment比例最高，BGI居中，ONT略低
ME（移动元件插入）结果,A9,9,A,"Source: xTEA-long outputs on lan02. Final counts use classified_results.txt.merged_ALU/LINE1/SVA/HERV.txt. Combined-only lines are retained only as an audit of the intermediate post-classification Combined.txt output, not as final ME totals. Checked via Titan jump host on 2026-07-09."
Mosaic pilot,A1,1,A,HG002 Mosaic SV Results - Sniffles2 Mosaic Mode
Mosaic pilot,A2,2,A,Source: /io/yingqiw/new_evaluation/evaluate/Mosaic/sniffles2_mosaic_30x_GRCh38/summary/sniffles2_mosaic_summary.all.tsv; Parameters: --mosaic --mosaic-af-min 0.05 --mosaic-af-max 0.20 --minsvlen 50 --mapq 20 --max-svlen-mosaic 50000
Mosaic pilot,E11,11,E,winnowmap 比 minimap2 检出更多候选
Mosaic pilot,L11,11,L,VAF 主要集中在 10%-20%
Merqury 结果,A12,12,A,"Source: /home/user/wangyingqi/evaluation/assembly/qc/merqury/results, reference k-mer DB HiFi_latest 50x k=21; NA means no Merqury result file was present in the collected outputs."
Merqury 结果,C14,14,C,组装碱基准确性
Merqury 结果,B16,16,B,BGI 数据具备组装可行性，但当前 assembly QV 不如 ONT 和 HiFi。assembly 模块适合作为补充结果或后续优化方向
拼接性能评测,A1,1,A,hifiasm
拼接性能评测,B1,1,B,--telo-m CCCTAA：让软件识别端粒重复序列
